Latitude,Longitude,Depth,Month,Year,Gephyrocapsa huxleyi HET
-64,-170,100,12,2010,1130
-64,175,0,1,2005,96109
-63,-142,40,12,2010,796
-63,-142,60,12,2010,1180
-63,-66,5,2,2009,441
-63,-66,50,2,2009,30988
-63,-66,100,2,2009,5812
-63,-65,5,2,2009,455
-63,-64,5,2,2009,455
-63,-64,25,2,2009,12796
-63,-64,50,2,2009,2316
-63,-64,75,2,2009,9597
-63,172,0,1,2005,119403
-62,-170,10,12,2010,2906
-62,-170,35,12,2010,2199
-62,-170,60,12,2010,846
-62,-170,100,12,2010,8630
-62,-170,150,12,2010,1018
-62,-140,20,12,2010,710
-62,-140,100,12,2010,800
-62,-68,5,2,2009,61329
-62,-68,10,2,2009,288986
-62,-68,50,2,2009,181289
-62,-68,75,2,2009,65706
-62,-68,100,2,2009,15749
-62,-67,5,2,2009,2982
-61,-170,20,12,2010,104083
-61,-170,40,12,2010,153939
-61,-170,60,12,2010,37711
-61,-170,100,12,2010,14251
-61,-170,150,12,2010,17374
-61,-116,20,12,2010,69592
-61,-116,40,12,2010,69387
-61,-116,60,12,2010,132744
-61,-116,100,12,2010,77228
-61,-69,5,2,2009,216317.666666667
-61,-68,10,2,2009,236584
-61,-68,50,2,2009,76776
-61,-68,100,2,2009,86127
-61,-68,175,2,2009,5072
-61,-56,5,2,2009,72340
-61,-55,50,2,2009,457
-61,-55,100,2,2009,918
-61,174,0,1,2005,86970
-60,-172,10,12,2010,312074
-60,-172,20,12,2010,269940
-60,-172,40,12,2010,351038
-60,-172,60,12,2010,113604
-60,-172,80,12,2010,2669
-60,-172,100,12,2010,10273
-60,-172,150,12,2010,10724
-60,-69,5,2,2009,272981
-60,-69,10,2,2009,70835
-60,-69,20,2,2009,48459
-60,-69,50,2,2009,286268
-60,-69,75,2,2009,197742
-60,-69,100,2,2009,35585
-60,-56,5,2,2009,7312
-60,-56,75,2,2009,1383
-60,-56,100,2,2009,5847
-60,-34,15,2,2011,102950
-59,-173,10,12,2010,143669
-59,-173,20,12,2010,160748
-59,-173,40,12,2010,196497
-59,-173,60,12,2010,136050
-59,-173,80,12,2010,51365
-59,-173,100,12,2010,6415
-59,-173,150,12,2010,7343
-59,-136,20,12,2010,119721
-59,-136,40,12,2010,125799
-59,-136,55,12,2010,118219
-59,-136,100,12,2010,3962
-59,-69,5,2,2009,232522
-59,-69,10,2,2009,430167
-59,-69,50,2,2009,271232
-59,-69,75,2,2009,150140
-59,-69,100,2,2009,13834
-59,-57,5,2,2009,49062.5
-59,-57,50,2,2009,676
-59,-57,100,2,2009,105526
-59,174,0,1,2005,138620
-58,-175,20,12,2010,71396
-58,-175,40,12,2010,76434
-58,-175,60,12,2010,65378
-58,-175,80,12,2010,83536
-58,-175,150,12,2010,2560
-58,-152,60,12,2010,982
-58,-152,100,12,2010,1022
-58,-136,20,12,2010,266969
-58,-136,40,12,2010,301837
-58,-136,55,12,2010,155025
-58,-136,100,12,2010,9644
-58,-136,150,12,2010,1975
-58,-92,10,12,2010,56701
-58,-92,20,12,2010,22423
-58,-92,40,12,2010,24962
-58,-92,60,12,2010,36883
-58,-92,75,12,2010,25431
-58,-92,100,12,2010,2376
-58,-92,150,12,2010,38520
-58,-69,5,2,2009,65490.5
-58,-69,50,2,2009,39478
-58,-69,75,2,2009,70407
-58,-69,100,2,2009,28002
-58,-58,5,2,2009,137401
-58,-57,5,2,2009,30137
-58,-57,50,2,2009,7403
-58,-57,100,2,2009,32447
-58,-26,15,2,2011,2390
-58,-19,0,3,1995,50900
-58,174,0,1,2005,33903
-57,-153,20,12,2010,153684
-57,-153,40,12,2010,72857
-57,-153,60,12,2010,76161
-57,-153,100,12,2010,10479
-57,-153,150,12,2010,6254
-57,-116,20,12,2010,482393
-57,-116,40,12,2010,313550
-57,-116,60,12,2010,371436
-57,-116,100,12,2010,113354
-57,-97,10,12,2010,29807
-57,-97,20,12,2010,62054
-57,-97,40,12,2010,70976
-57,-97,60,12,2010,33314
-57,-97,100,12,2010,8444
-57,-69,5,2,2009,21626
-57,-69,10,2,2009,24803
-57,-69,50,2,2009,17236.5
-57,-69,100,2,2009,5681.5
-57,-68,5,2,2009,7345
-57,-58,5,2,2009,187686.5
-57,-58,10,2,2009,260498
-57,-58,50,2,2009,141846
-57,-58,100,2,2009,135538
-57,-16,0,3,1995,90400
-57,57,0,2,2010,161690
-57,57,20,2,2010,144150
-57,57,40,2,2010,275723
-57,57,60,2,2010,20409
-57,57,80,2,2010,124495
-57,57,110,2,2010,1485
-56,-59,5,2,2009,85562.6666666667
-56,-59,50,2,2009,2111
-56,-59,100,2,2009,457
-56,-58,10,2,2009,82359
-56,-13,0,3,1995,166600
-56,174,0,1,2005,42824.5
-55,-155,20,12,2010,388761
-55,-155,50,12,2010,33277
-55,-155,65,12,2010,15531
-55,-155,100,12,2010,5311
-55,-155,150,12,2010,1301
-55,-126,10,12,2010,17783
-55,-126,20,12,2010,31105
-55,-126,40,12,2010,36204
-55,-126,60,12,2010,11930
-55,-126,100,12,2010,1851
-55,-81,10,12,2010,60425
-55,-81,20,12,2010,30421
-55,-81,40,12,2010,52838
-55,-81,75,12,2010,16756
-55,-59,5,2,2009,55372
-55,74,20,3,2012,131500
-55,88,15,3,2012,105740
-54,-119,20,12,2010,146078
-54,-119,40,12,2010,138983
-54,-119,60,12,2010,124264
-54,-119,100,12,2010,3298
-54,-59,5,2,2009,156582.5
-54,-59,25,2,2009,177885
-54,-59,50,2,2009,253905
-54,-59,75,2,2009,64894
-54,-59,100,2,2009,18362
-54,-18,10,2,2011,28160
-54,-10,0,3,1995,141700
-54,-7,0,3,1995,155000
-54,174,0,1,2005,52678
-53,-180,20,12,2010,140196
-53,-180,45,12,2010,185490
-53,-180,60,12,2010,204541
-53,-180,100,12,2010,18537
-53,-180,150,12,2010,1866
-53,-5,0,3,1995,17000
-53,-4,0,3,1995,215100
-53,57,0,2,2010,361455
-53,57,20,2,2010,325144
-53,57,40,2,2010,314328
-53,57,60,2,2010,63409
-53,57,80,2,2010,153371
-53,57,110,2,2010,61914
-52,-58,5,10,1996,39338
-52,-58,20,10,1996,18156
-52,-58,40,10,1996,10591
-52,-57,15,1,2011,242370
-52,-38,10,1,2011,564690
-52,-3,0,3,1995,440400
-52,175,0,1,2005,8866
-51,-58,5,4,1997,1500
-51,-58,5,10,1995,63540
-51,-58,30,10,1995,24210
-51,-58,80,4,1997,3026
-51,-11,10,2,2011,75830
-51,-2,0,3,1995,410000
-51,-1,0,3,1995,266850
-50,0,0,3,1995,60100
-50,1,0,3,1995,99100
-50,2,10,2,2004,42117
-50,2,10,3,2004,29248
-50,2,20,2,2004,50306
-50,2,20,3,2004,38607
-50,2,40,2,2004,40947
-50,2,40,3,2004,43286.5
-50,2,60,2,2004,22228.5
-50,2,60,3,2004,32757.5
-50,2,80,2,2004,29248
-50,2,80,3,2004,53816
-50,2,100,2,2004,21058.5
-50,2,100,3,2004,32757.5
-50,2,150,2,2004,5849.5
-50,2,150,3,2004,4679.5
-50,71,15,3,2012,28690
-50,94,20,3,2012,79840
-50,174,0,1,2005,47100
-49,-56,5,10,1996,43877
-49,-56,40,10,1996,25721
-49,-56,80,10,1996,22695
-49,2,0,3,1995,21400
-49,2,10,12,2010,330930
-49,2,20,12,2010,124501
-49,2,40,12,2010,86018
-49,2,60,12,2010,23715
-49,2,100,12,2010,2365
-49,3,0,3,1995,55300
-49,57,0,2,2010,738575
-49,57,20,2,2010,739307
-49,57,40,2,2010,167354
-49,57,60,2,2010,136525
-49,57,80,2,2010,109476
-49,57,110,2,2010,97323
-49,174,0,1,2005,35034
-48,-56,5,4,1996,30260
-48,-56,5,4,1997,51442
-48,-56,50,4,1997,24964.5
-48,-56,60,4,1996,24210
-48,3,0,3,1995,89400
-48,4,0,3,1995,86200
-48,64,20,3,2012,11280
-48,174,0,1,2005,40947
-47,-60,10,1,2011,1635520
-47,-57,0,10,1997,83215
-47,-57,5,10,1995,393380
-47,-57,35,10,1997,56737.5
-47,-57,40,10,1995,48160
-47,-4,15,2,2011,62500
-47,5,0,3,1995,63600
-47,6,0,3,1995,36000
-47,57,15,2,2012,138260
-47,173,0,1,2005,71839
-46,-49,10,1,2011,18850
-46,2,10,12,2010,125142
-46,2,20,12,2010,134104
-46,2,40,12,2010,432740
-46,2,60,12,2010,186104
-46,2,100,12,2010,2619
-46,7,0,3,1995,26500
-46,8,0,3,1995,33300
-46,51,20,2,2012,472130
-46,57,0,2,2010,706282
-46,57,20,2,2010,361515
-46,57,40,2,2010,49002
-46,57,60,2,2010,21691
-46,57,80,2,2010,34555
-46,57,110,2,2010,11135
-45,-22,5,2,2000,27183
-45,-22,20,2,2000,16084
-45,-22,50,2,2000,12074
-45,-22,100,2,2000,1209
-45,-22,150,2,2000,143
-45,-14,5,2,2000,35034
-45,-14,20,2,2000,31473
-45,-14,50,2,2000,33353
-45,-14,100,2,2000,210
-45,5,10,12,2010,426690
-45,5,20,12,2010,477189
-45,5,40,12,2010,166000
-45,5,60,12,2010,1806
-45,5,100,12,2010,2837
-45,5,150,12,2010,1892
-45,8,0,3,1995,47000
-45,9,0,3,1995,30200
-45,57,0,2,2010,123149
-45,57,20,2,2010,19258
-45,57,40,2,2010,32710
-45,57,60,2,2010,38684
-45,57,80,2,2010,33047
-45,57,110,2,2010,17360
-45,100,20,3,2012,106700
-44,-56,5,10,1996,161891
-44,-56,30,10,1996,99858
-44,-56,50,10,1996,47659.5
-44,-55,5,4,1996,48416
-44,-55,5,4,1997,64302.5
-44,-55,30,4,1996,18160
-44,-55,50,4,1997,16643
-44,10,0,3,1995,152200
-44,11,0,3,1995,71400
-44,57,0,2,2010,138465
-44,57,20,2,2010,15022
-44,57,40,2,2010,34367
-44,57,60,2,2010,34524
-44,57,80,2,2010,28645
-44,57,110,2,2010,2916
-43,-55,0,10,1997,43120.5
-43,-55,25,10,1997,44633.5
-43,3,10,3,2012,9740
-43,11,0,3,1995,75000
-43,12,0,3,1995,101300
-43,113,5,3,2012,98920
-42,-42,10,5,2004,116185
-42,-42,20,5,2004,62052
-42,-42,35,5,2004,77291
-42,-42,65,5,2004,66720
-42,-42,80,5,2004,17653
-42,12,0,3,1995,69700
-42,13,0,3,1995,61300
-42,57,0,2,2010,86636
-42,57,20,2,2010,12635
-42,57,40,2,2010,82101
-42,57,60,2,2010,21179
-42,57,80,2,2010,16992
-42,57,110,2,2010,18809
-41,-56,5,10,1995,81320
-41,-56,40,10,1995,73990
-41,-46,10,1,2011,6030
-41,13,0,3,1995,61950
-41,43,25,2,2012,29080
-41,105,15,3,2012,26540
-41,109,15,3,2012,98490
-40,-75,0,1,2002,53946.8
-40,-54,5,4,1996,27230
-40,-54,50,4,1996,39340
-40,-19,5,2,2000,11842
-40,-19,20,2,2000,12003
-40,-19,50,2,2000,22578
-40,-19,100,2,2000,2475
-40,14,0,3,1995,35700
-40,57,0,1,2010,82349
-40,57,20,1,2010,89492
-40,57,40,1,2010,11401
-40,57,60,1,2010,4462
-40,57,80,1,2010,14099
-40,57,110,1,2010,13910
-39,-75,0,1,2002,6985
-39,-75,0,8,2002,52827
-39,-75,10,4,2002,40639
-39,-75,10,5,2002,14923
-39,-75,20,4,2002,37966
-39,-75,20,5,2002,10963
-39,-75,25,5,2002,7105
-39,-75,40,4,2002,33632
-39,-75,40,5,2002,7773
-39,-75,45,5,2002,6970
-39,-75,60,4,2002,35461
-39,-75,60,5,2002,1706
-39,-75,65,5,2002,11510
-39,-75,100,4,2002,4890
-39,-75,100,5,2002,4129
-39,-75,105,5,2002,4564
-39,-75,140,5,2002,1586
-39,-75,160,4,2002,1773
-39,-52,0,10,1997,189125
-39,-52,25,10,1997,152056.5
-39,-22,5,2,2000,7757
-39,-22,20,2,2000,7622
-39,-22,50,2,2000,13139
-39,-22,100,2,2000,1583
-39,-22,150,2,2000,359
-39,15,0,3,1995,37750
-38,-75,10,3,2002,8747
-38,-75,20,3,2002,11101
-38,-75,40,3,2002,2627
-38,-75,80,3,2002,611
-38,-75,120,3,2002,1683
-38,-75,160,3,2002,2579
-38,-53,5,10,1996,10591
-38,-53,40,10,1996,10591
-38,-53,60,10,1996,31773
-38,15,0,3,1995,49600
-38,39,15,2,2012,17150
-37,-75,0,1,2002,5649
-37,-75,10,1,2002,55660
-37,-75,25,1,2002,38207
-37,-75,40,1,2002,17165
-37,-75,50,1,2002,5912
-37,-75,80,1,2002,6722
-37,-75,120,1,2002,4551
-37,-74,10,12,2001,2130
-37,-74,60,12,2001,1092
-37,-74,120,12,2001,889
-37,-74,150,12,2001,845
-37,-50,5,4,1996,11340
-37,-50,80,4,1996,19670
-37,-15,0,2,1993,60560
-37,-15,20,2,1993,68615
-37,-15,40,2,1993,128185
-37,-15,60,2,1993,106475
-37,-15,80,2,1993,74575
-37,-15,100,2,1993,66485
-37,14,0,2,1993,60600
-37,16,0,3,1995,39000
-36,-50,5,4,1997,24964.5
-36,-50,5,10,1996,89267
-36,-50,20,4,1997,31773
-36,-50,30,10,1996,105910
-36,-50,50,10,1996,25721
-36,-49,0,10,1997,31773
-36,-49,35,10,1997,30260
-36,-23,5,3,2000,3074
-36,-23,10,3,2000,6239
-36,-23,20,3,2000,4269
-36,-23,50,3,2000,27626
-36,-23,100,3,2000,11460
-36,-23,150,3,2000,655
-36,-21,5,8,1994,72820
-36,-21,20,8,1994,7197
-36,-21,50,8,1994,39163
-36,-21,100,8,1994,12473
-36,8,20,2,1993,27510
-36,8,40,2,1993,39920
-36,8,60,2,1993,122510
-36,8,80,2,1993,44280
-36,8,100,2,1993,83105
-36,16,0,3,1995,31600
-36,17,0,3,1995,15600
-35,18,0,3,1995,194500
-34,-47,5,4,1996,10590
-34,-47,5,10,1995,24210
-34,-47,40,10,1995,52950
-34,-47,70,4,1996,4540
-34,-32,15,5,2004,2025
-34,-32,25,5,2004,1713
-34,-32,45,5,2004,682
-34,-32,100,5,2004,140
-34,-32,150,5,2004,199
-34,-24,5,3,2000,439
-34,-24,50,3,2000,1467
-34,-24,100,3,2000,3167
-34,-3,0,2,1993,9200
-34,-3,20,2,1993,10370
-34,-3,40,2,1993,24840
-34,-3,60,2,1993,17750
-34,-3,80,2,1993,44820
-34,-3,100,2,1993,68430
-34,3,0,2,1993,20485
-34,3,20,2,1993,21200
-34,3,40,2,1993,58000
-34,3,60,2,1993,100920
-34,3,80,2,1993,129895
-34,3,100,2,1993,81990
-34,8,5,11,2005,131610
-34,10,0,11,2005,265780
-33,-47,5,5,1997,7565
-33,-47,5,10,1996,10591
-33,-47,40,10,1996,19669
-33,-47,50,5,1997,7560
-33,-47,60,10,1996,49929
-33,-15,5,8,1994,324
-33,-15,20,8,1994,7347
-33,-15,100,8,1994,56
-33,-4,20,2,1993,10400
-33,-4,40,2,1993,24800
-33,-4,60,2,1993,17800
-33,-4,80,2,1993,44800
-33,-4,100,2,1993,68400
-33,4,5,11,2005,39600
-33,17,5,5,1998,28747
-32,-25,5,3,2000,194
-32,-25,50,3,2000,1219
-32,-25,100,3,2000,2085
-32,-25,150,3,2000,531
-32,11,25,2,1993,36410
-32,11,50,2,1993,69190
-32,11,100,2,1993,50815
-31,-44,5,5,1996,560
-31,-44,5,10,1995,9060
-31,-44,100,10,1995,33280
-31,-44,110,5,1996,80
-30,-43,5,10,1996,6052
-30,-43,50,10,1996,7565
-30,-27,10,5,2003,1762
-30,-27,115,5,2003,353
-30,13,40,2,1993,199685
-30,13,60,2,1993,107195
-30,13,80,2,1993,65220
-30,13,100,2,1993,101895
-30,16,5,5,1998,288226.5
-30,112,0,2,1996,2569
-30,112,20,2,1996,2922
-30,112,40,2,1996,4392
-30,112,75,2,1996,3097
-30,112,120,2,1996,4375
-30,113,0,2,1996,3261.5
-30,113,25,2,1996,3527
-30,113,40,2,1996,5573
-30,113,75,2,1996,3543
-30,113,120,2,1996,4343
-30,113,200,2,1996,551
-29,-8,5,8,1994,8520
-29,-8,20,3,1996,1261
-29,-8,40,3,1996,1885
-29,-8,50,3,1996,564
-29,-8,100,3,1996,4386
-29,-8,110,8,1994,10875
-29,-5,15,11,2005,2950
-29,14,0,2,1993,67410
-29,14,20,2,1993,50010
-29,14,40,2,1993,48220
-29,14,100,2,1993,47810
-29,112,0,2,1996,11218
-29,112,15,2,1996,7640
-29,112,55,2,1996,19412
-29,112,170,2,1996,735
-29,112,200,2,1996,641
-29,113,0,2,1996,2049
-29,113,60,2,1996,6969
-29,113,85,2,1996,1291
-28,-41,0,10,1997,42364
-28,-41,5,5,1996,3020
-28,-41,5,10,1995,21180
-28,-41,80,5,1996,6050
-28,-41,80,10,1995,27230
-28,111,0,2,1996,569
-28,111,15,2,1996,1054
-28,111,50,2,1996,4060
-28,111,140,2,1996,2280
-28,111,200,2,1996,721
-27,-40,5,5,1997,3782.5
-27,-40,5,10,1996,9078
-27,-40,80,5,1997,750
-27,-40,95,10,1996,16643
-27,13,5,5,1998,1095412
-27,111,0,2,1996,183
-27,111,25,2,1996,1953
-27,111,50,2,1996,4748
-27,111,100,2,1996,6868
-27,111,155,2,1996,863
-26,-5,5,8,1994,56929
-26,-5,20,8,1994,16364
-26,-5,100,8,1994,21665
-26,-4,5,3,1996,6082
-26,-4,20,3,1996,5348
-26,-4,50,3,1996,6996
-26,110,0,2,1996,1413
-26,110,15,2,1996,1340
-26,110,45,2,1996,1556
-26,110,100,2,1996,7162
-26,110,150,2,1996,1219
-25,-38,5,5,1996,3030
-25,-38,100,5,1996,1510
-25,-26,120,5,2004,99.5
-25,14,5,5,1998,1510
-25,14,15,5,1998,7560
-25,108,0,2,1996,917
-25,108,50,2,1996,1741
-25,108,65,2,1996,6308
-25,108,90,2,1996,3780
-25,108,100,2,1996,7765
-25,108,150,2,1996,925
-24,-38,0,10,1997,7565
-24,-38,5,10,1995,4540
-24,-38,110,10,1997,3026
-24,-38,120,10,1995,12100
-24,-17,20,4,1998,233
-24,-17,20,11,2005,9480
-24,-17,50,4,1998,673
-24,-17,100,4,1998,566
-24,-1,5,3,1996,1060
-24,-1,20,3,1996,6933
-24,-1,50,3,1996,10946
-24,-1,100,3,1996,8880
-24,-1,200,3,1996,5185
-24,108,0,2,1996,1214.5
-24,108,10,2,1996,701
-24,108,25,2,1996,1931
-24,108,35,2,1996,3562
-24,108,50,2,1996,1306
-24,108,60,2,1996,5720
-24,108,90,2,1996,3301
-24,108,100,2,1996,8771
-24,108,120,2,1996,397
-24,108,155,2,1996,318
-23,-37,5,5,1997,1510
-23,-37,5,10,1996,4539
-23,-37,60,10,1996,7565
-23,-37,100,10,1996,7565
-23,-37,110,5,1997,3782.5
-22,-26,20,5,2003,998
-22,-26,35,5,2003,1682
-22,-26,60,5,2003,1434
-22,-26,140,5,2003,149
-22,-26,200,5,2003,162
-22,-23,15,11,2005,4620
-22,-23,30,11,2005,4740
-22,-23,60,11,2005,6430
-22,-23,140,11,2005,10780
-22,-23,155,11,2005,1650
-22,-23,210,11,2005,250
-22,0,5,8,1994,181858
-22,0,30,8,1994,75294
-22,0,70,8,1994,65326
-22,0,100,8,1994,2960
-22,4,5,8,1994,8073
-22,4,20,8,1994,1091
-22,12,5,5,1998,39338
-22,108,0,2,1996,1002
-22,108,25,2,1996,1529
-22,108,50,2,1996,2515
-22,108,100,2,1996,4632
-22,108,140,2,1996,95
-21,-35,0,10,1997,5295.5
-21,-35,135,10,1997,3782.5
-21,-24,25,10,2004,2050
-21,-24,170,10,2004,2010
-21,-24,250,10,2004,60
-21,109,25,2,1996,1148
-21,109,45,2,1996,1218
-21,109,100,2,1996,2200
-21,109,145,2,1996,334
-21,110,0,2,1996,392
-21,110,20,2,1996,338
-21,110,60,2,1996,3855
-21,110,100,2,1996,5764
-21,110,140,2,1996,442
-20,-81,0,2,1964,1830
-20,-36,5,5,1996,1510
-20,-36,5,10,1995,3030
-20,-36,80,5,1996,12860
-20,-36,160,10,1995,1510
-20,-18,5,5,1998,448
-20,-18,20,5,1998,1691
-20,-18,50,5,1998,760
-20,-18,100,5,1998,810
-20,110,0,2,1996,370
-20,110,20,2,1996,696
-20,110,40,2,1996,761
-20,110,75,2,1996,36779
-20,110,105,2,1996,1530
-20,110,160,2,1996,231
-20,110,200,2,1996,90
-20,167,0,10,1992,708
-19,-36,5,10,1996,1510
-19,-36,50,10,1996,1510
-19,-36,75,10,1996,6052
-19,-36,100,10,1996,1510
-19,-36,125,10,1996,9078
-19,-36,140,10,1996,1510
-19,-35,40,5,1997,750
-19,-26,20,11,2005,2370
-19,12,5,5,1998,19669
-19,110,0,2,1996,446
-19,110,20,2,1996,96
-19,110,100,2,1996,2624
-19,147,0,7,1967,4997
-18,-80,0,2,1964,5330
-18,-77,0,2,1964,13267
-18,-74,0,2,1964,1201
-18,-26,25,10,2004,2230
-18,11,5,5,1998,12104
-18,110,0,2,1996,172
-18,110,50,2,1996,3089
-18,110,100,2,1996,5359
-18,149,0,8,1967,11772
-17,-151,0,10,1969,293
-17,-79,0,2,1964,5722
-17,-74,0,2,1964,27467.5
-17,-33,0,10,1997,3026
-17,-33,140,10,1997,6052
-17,110,0,2,1996,45
-17,110,25,2,1996,202
-17,110,55,2,1996,529
-17,110,100,2,1996,800
-17,110,150,2,1996,162
-17,113,65,3,1996,814
-17,113,155,3,1996,146
-17,146,0,7,1967,5345.5
-17,146,0,8,1967,5131
-17,150,0,7,1967,498
-16,-152,0,10,1969,338
-16,-34,5,5,1996,120
-16,-34,5,10,1995,3030
-16,-34,150,5,1996,40
-16,-34,150,10,1995,18160
-16,-26,60,5,2004,1541
-16,-26,130,5,2004,572
-16,-26,160,5,2004,190
-16,-26,180,5,2004,655
-16,-26,200,5,2004,250
-16,110,0,2,1996,184
-16,110,10,2,1996,394
-16,110,100,2,1996,1345
-16,110,130,2,1996,453
-16,152,0,7,1967,922
-16,153,0,7,1967,1608
-15,-153,0,10,1969,35
-15,-34,5,10,1996,1500
-15,-34,60,10,1996,3030
-15,-33,5,5,1997,750
-15,-33,130,5,1997,1510
-15,-26,20,10,2004,470
-15,-26,20,11,2005,1770
-15,-26,125,10,2004,1740
-15,-26,200,10,2004,260
-15,114,120,3,1996,299
-15,145,0,7,1967,1666
-15,147,0,7,1967,610
-15,154,0,9,1992,466
-14,-162,0,4,1968,853
-14,-153,0,10,1969,165
-14,-101,0,10,1967,5148
-14,110,0,2,1996,437.5
-14,110,15,2,1996,132
-14,110,25,2,1996,147
-14,110,50,2,1996,2185
-14,110,90,2,1996,990
-14,110,120,2,1996,519
-14,110,125,2,1996,594
-14,110,150,2,1996,150
-14,110,160,2,1996,168
-14,114,0,3,1996,995
-14,114,25,3,1996,571
-14,114,50,3,1996,139
-14,114,100,3,1996,592
-14,153,0,7,1967,1197
-13,-154,0,10,1969,96
-13,-137,0,9,1967,1265
-13,-31,0,10,1997,750
-13,-31,150,10,1997,1510
-13,-26,30,5,2004,949
-13,-26,55,5,2004,769
-13,-26,130,5,2004,1380
-13,-26,195,5,2004,100
-13,-16,5,4,1998,256
-13,-16,20,4,1998,125
-13,-16,100,4,1998,1537
-13,111,0,3,1996,416
-13,111,20,3,1996,532
-13,111,60,3,1996,2520
-13,111,95,3,1996,792
-13,112,0,3,1996,293
-13,114,0,3,1996,78
-13,114,30,3,1996,824
-13,114,60,3,1996,7881
-13,114,90,3,1996,273
-13,146,0,8,1967,2248
-13,150,0,8,1967,632
-12,-155,0,10,1969,595
-12,-107,0,10,1967,20860
-12,-96,0,10,1967,6296
-12,-32,70,5,1996,9080
-12,-32,130,5,1996,1510
-12,-26,15,11,2005,3260
-12,148,0,7,1967,7292
-12,150,0,8,1967,1614
-11,-155,0,10,1969,130
-11,-135,0,9,1967,292
-11,-32,5,10,1996,1500
-11,-32,75,10,1996,3030
-11,-31,5,5,1997,1510
-11,-26,15,10,2004,2060
-11,-26,125,10,2004,2270
-11,-26,180,10,2004,250
-11,141,0,8,1967,3170
-10,-156,0,10,1969,60.5
-10,-114,0,10,1967,5196
-9,-156,0,10,1969,127.5
-9,-111,0,10,1967,1658
-9,-88,0,10,1967,43077
-9,-30,0,10,1997,4539
-9,-30,120,10,1997,3026
-9,-15,5,3,1998,141
-9,-15,50,3,1998,887
-9,-15,90,3,1998,5261
-9,-15,150,3,1998,238
-8,-156,0,10,1969,730
-8,-30,5,5,1996,1510
-8,-30,30,5,1996,6050
-8,-30,100,5,1996,1510
-7,-156,0,10,1969,437.5
-7,-123,0,9,1967,3632
-7,-83,10,8,1995,475
-7,-82,10,8,1995,1375
-7,-30,5,10,1996,6052
-7,-26,10,5,2003,265
-7,-26,15,10,2004,3870
-7,-26,100,10,2004,8790
-7,-26,155,10,2004,360
-7,153,0,9,1992,695
-6,-156,0,10,1969,510
-6,-116,0,10,1967,4227
-6,-83,10,8,1995,2000
-6,-82,10,8,1995,2175
-6,-30,110,5,1997,2269.5
-6,160,0,11,1990,83
-5,-155,0,10,1969,1265
-5,-118,0,9,1967,69596
-5,-87,0,10,1967,59665
-5,176,0,10,1968,27
-5,178,0,11,1990,33
-4,-155,0,10,1969,1781.66666666667
-4,-123,0,9,1967,35161
-4,-29,60,5,1996,18160
-4,160,0,11,1990,39
-4,175,0,10,1968,185
-4,178,0,10,1969,50
-3,-156,0,10,1969,7600
-3,-155,0,10,1969,7395
-3,-28,5,10,1995,12100
-3,-28,5,10,1996,10591
-3,-28,40,10,1996,10591
-3,-28,70,5,1997,2269.5
-3,-28,85,10,1996,31773
-3,-28,90,10,1995,120
-3,-26,10,11,2005,3640
-3,160,0,11,1990,1464
-3,177,0,10,1969,70
-2,-156,0,10,1969,5830
-2,-86,0,10,1967,224691
-2,-25,5,10,2018,9467
-2,-25,30,10,2018,10078.7
-2,-25,50,10,2018,15923.3
-2,-25,60,10,2018,29186.1
-2,-25,70,10,2018,12425.4
-2,-25,75,10,2018,21674.4
-2,-25,90,10,2018,7836.7
-2,-25,120,10,2018,1495
-2,-25,150,10,2018,1307.9
-2,176,0,10,1969,110
-2,177,0,10,1969,160
-2,178,0,11,1990,1092
-1,-156,0,10,1969,6045
-1,-27,40,5,1996,6050
-1,-27,70,5,1996,6050
-1,-26,0,10,1997,32529.5
-1,-26,5,5,2004,3631
-1,-26,15,5,2004,7262
-1,-26,25,5,2004,4624
-1,-26,60,5,2004,35622.3333333333
-1,-26,85,10,1997,30260
-1,-26,90,5,2004,4146
-1,-25,5,10,2018,18145
-1,-9,5,5,1998,69598
-1,141,0,1,1969,375
-1,141,0,12,1968,375
-1,141,20,1,1969,231
-1,141,20,12,1968,232
-1,141,30,1,1969,220
-1,141,30,12,1968,220
-1,141,75,1,1969,180
-1,141,75,12,1968,180
-1,141,100,1,1969,198
-1,141,100,12,1968,199
-1,149,0,9,1992,115
-1,173,0,10,1968,514
-1,176,0,10,1969,190.5
0,-156,0,9,1969,17045
0,-155,0,9,1969,4300
0,-26,5,5,2004,1619
0,-26,10,10,2004,1610
0,-26,10,11,2005,6830
0,-26,65,10,2004,2440
0,-26,70,5,2004,4985
0,-26,100,10,2004,1710
0,175,0,10,1969,85
1,-156,0,9,1969,8662.5
1,-130,0,3,1967,8539
1,-125,0,3,1967,24437
1,-121,0,3,1967,12186
1,-118,0,3,1967,3104
1,-113,0,3,1967,8838
1,-107,0,3,1967,11021
1,-104,0,3,1967,3618
1,-101,0,2,1967,3284
1,-26,5,5,1997,20
1,-26,5,10,1995,13620
1,-26,5,10,1996,4539
1,-26,40,10,1996,3030
1,-26,50,10,1996,13617
1,-26,70,5,1997,7565
1,-26,70,10,1996,18156
1,-26,80,10,1995,34730
1,-26,80,10,1996,78676
1,93,0,6,1985,3318
1,142,0,6,1967,48
1,144,0,6,1967,14
1,151,0,7,1967,13
1,166,0,5,1968,648
1,174,0,10,1968,1698
1,174,0,10,1969,60
1,175,0,10,1969,207.5
1,178,0,11,1990,181
2,-166,0,4,1968,958
2,-155,0,9,1969,6677.5
2,-150,0,3,1967,7151
2,-149,0,3,1968,13938
2,-139,0,3,1967,498
2,-135,0,3,1967,12464
2,-81,0,10,1967,3991
2,-25,0,10,1997,12860.5
2,-25,60,10,1997,39338
2,64,0,10,1992,493
2,64,90,10,1992,789
2,64,130,10,1992,197
2,90,0,6,1985,4892
2,91,0,6,1985,1584
2,124,0,6,1967,194
2,139,0,6,1967,24
2,141,0,1,1969,59
2,141,15,1,1969,197.333333333333
2,141,30,1,1969,318.666666666667
2,141,55,1,1969,142
2,141,110,1,1969,28
3,-158,0,3,1967,2560
3,-156,0,3,1967,2686
3,-155,0,9,1969,9700
3,-130,0,3,1966,1117
3,-98,0,2,1967,1098
3,-27,5,5,2004,1475
3,-26,5,9,2018,3983.1
3,-26,50,9,2018,7100.2
3,-26,90,9,2018,7544
3,-26,150,9,2018,500.7
3,-26,200,9,2018,800.4
3,-13,5,6,1998,60
3,86,0,6,1985,4320
3,87,0,6,1985,11949
3,88,0,6,1985,5610
3,89,0,6,1985,6140
3,174,0,10,1969,68
4,-166,0,4,1968,255
4,-156,0,9,1969,520
4,-155,0,9,1969,760
4,84,0,6,1985,10848
4,85,0,6,1985,6743
4,170,0,5,1967,425
4,173,0,11,1969,94.5
5,-155,0,9,1969,31.5
5,-128,0,3,1966,301
5,-25,5,10,1996,1500
5,-25,40,10,1996,4540
5,-24,5,10,1995,1510
5,-17,5,6,1998,1060
5,81,0,6,1985,12236
5,82,0,6,1985,10198.5
5,83,0,6,1985,6681
5,172,0,11,1969,436.5
6,-150,0,3,1968,3795
6,-91,0,2,1967,361
6,-29,5,11,2005,4270
6,-27,5,8,2018,4560.2
6,-27,30,8,2018,4193.8
6,-27,65,8,2018,8765.7
6,-27,85,8,2018,343.4
6,-27,150,8,2018,626.8
6,-24,5,5,1997,8321.5
6,-24,40,5,1997,3782.5
6,64,0,10,1992,1339.5
6,64,40,10,1992,2346
6,64,100,10,1992,177
6,171,0,11,1969,48
6,172,0,11,1969,160
6,173,0,5,1967,281
7,-179,0,11,1990,340
7,-156,0,9,1969,35
7,-155,0,9,1969,48
7,-126,0,3,1966,203
7,-84,0,2,1968,178
7,-80,0,2,1967,262
7,-28,5,5,2004,861
7,-28,15,5,2004,2044
7,-28,25,5,2004,2156
7,-28,60,5,2004,6867
7,-28,95,5,2004,640
7,-27,5,8,2018,2449.4
7,-27,50,8,2018,7100.2
7,-27,70,8,2018,5141.5
7,-27,100,8,2018,489.2
7,-27,150,8,2018,476.2
7,-23,0,10,1997,3026
7,-23,5,5,1996,4540
7,-23,50,5,1996,12100
7,-23,75,10,1997,2269.5
7,78,0,6,1985,510
7,120,0,6,1967,18
7,171,0,11,1969,54
8,-155,0,9,1969,130
8,-138,0,3,1968,655
8,-31,5,6,2003,705
8,-31,15,6,2003,816
8,-31,25,6,2003,924
8,-31,55,6,2003,1787
8,-31,95,6,2003,333
8,74,0,6,1985,332
8,171,0,11,1969,373.5
8,176,0,5,1967,179
9,-156,0,9,1969,189
9,-150,0,3,1968,386
9,-23,5,10,1996,6052
9,-23,30,10,1996,6050
9,-23,50,10,1996,28747
9,-23,60,10,1995,10590
9,65,20,7,1995,22100
9,65,60,7,1995,22100
9,65,100,7,1995,20800
9,70,0,6,1985,2106
9,71,0,6,1985,1771
9,73,0,6,1985,330
9,170,0,11,1969,360
10,-173,0,11,1990,33
10,-156,0,3,1967,164
10,-156,0,9,1969,292
10,-28,5,7,2018,3691.3
10,-28,20,7,2018,11984.9
10,-28,40,7,2018,13411.6
10,-28,70,7,2018,998.5
10,-28,150,7,2018,619.8
10,-21,0,9,1997,5295.5
10,-21,45,9,1997,18156
10,64,0,6,1985,11700
10,64,0,10,1992,691
10,64,20,5,1997,3700
10,64,80,10,1992,99
10,65,0,6,1985,2064
10,66,0,6,1985,2925
10,68,0,6,1985,11552
10,170,0,11,1969,150
11,-156,0,9,1969,480
11,-28,5,7,2018,9068.2
11,-28,20,7,2018,11955.5
11,-28,50,7,2018,16136.9
11,-28,100,7,2018,1065
11,-28,150,7,2018,1462.5
11,-22,5,5,1996,6050
11,-22,5,5,1997,4539
11,-22,40,5,1996,116500
11,-22,60,5,1997,3026
11,61,0,1,1985,15354
11,62,0,6,1985,1875
11,63,0,6,1985,9240
11,152,0,5,1967,872
11,169,0,4,1967,233
11,170,0,11,1969,297
12,-176,0,4,1967,203
12,-33,5,6,2003,2263
12,-33,25,6,2003,1240
12,-33,65,6,2003,8979
12,-33,95,6,2003,711
12,-31,5,11,2005,4850
12,-21,20,10,1996,7565
12,-21,40,10,1996,16643
12,43,0,6,1985,1079
12,44,0,6,1985,2310
12,45,0,5,1985,424
12,46,0,5,1985,363
12,48,0,5,1985,390
12,51,0,4,1985,15345.5
12,52,0,4,1985,40232
12,53,0,3,1985,60864
12,54,0,3,1985,29515
12,55,0,3,1985,40655
12,57,0,2,1985,22620
12,58,0,2,1985,29880
12,59,0,1,1985,14118
12,169,0,11,1969,434
13,-174,0,4,1967,599
13,-156,0,9,1969,408
13,-155,0,3,1967,2151
13,-117,0,3,1966,661
13,-29,5,6,2018,1194.3
13,-29,50,6,2018,5890
13,-29,60,6,2018,8068.4
13,-29,85,6,2018,2048.1
13,-29,150,6,2018,1203.8
13,-22,5,5,1997,19669
13,-22,30,5,1997,1500
13,-21,5,10,1995,4540
13,168,0,11,1969,442
14,-168,0,11,1990,183
14,-156,0,9,1969,952
14,-34,10,6,2003,1647
14,-34,100,6,2003,945
14,-31,10,5,2004,594
14,-31,25,5,2004,670
14,-31,45,5,2004,1702
14,-31,100,5,2004,1220
14,-31,150,5,2004,398
14,64,0,10,1992,1324.5
14,64,20,5,1997,260
14,64,60,5,1997,260
14,64,60,10,1992,494
14,64,80,10,1992,493
14,65,20,7,1995,15100
14,65,60,7,1995,20300
14,65,100,7,1995,300
14,166,0,4,1967,535
14,167,0,11,1969,470
15,-156,0,9,1969,58
15,-96,0,2,1968,119
15,-29,5,6,2018,11672.9
15,-29,20,6,2018,8590.1
15,-29,55,6,2018,12024.6
15,-29,100,6,2018,1459.8
15,-29,200,6,2018,1282.3
15,61,5,7,1997,5295.5
15,61,15,7,1997,14373.5
15,61,25,7,1997,6052
15,61,40,7,1997,1510
15,61,60,7,1997,750
15,61,80,7,1997,750
15,61,100,7,1997,750
15,164,0,4,1967,1609
15,166,0,11,1969,301
16,-167,0,3,1967,675
16,-162,0,3,1968,493
16,-157,0,3,1967,616
16,-111,0,2,1966,1139
16,59,25,6,2000,1102
16,59,35,6,2000,2050
16,59,70,6,2000,504
16,59,90,6,2000,117
16,60,5,7,1997,3782.5
16,60,15,7,1997,750
16,60,20,5,1997,790
16,60,25,7,1997,1510
16,60,30,6,2000,1224
16,60,40,6,2000,1079
16,60,40,7,1997,2269.5
16,60,70,6,2000,225
16,60,100,6,2000,208
16,61,20,8,1995,3300
16,61,60,8,1995,4300
16,61,100,8,1995,300
16,62,20,7,1995,14200
16,62,60,7,1995,1000
16,165,0,11,1969,149
17,-165,0,3,1967,977
17,-156,0,9,1969,198
17,-36,10,6,2003,4774
17,-36,40,6,2003,2486
17,-36,100,6,2003,2960
17,-36,150,6,2003,394
17,-29,5,5,2018,2218.8
17,-29,50,5,2018,671.2
17,-29,65,5,2018,6030.6
17,-29,100,5,2018,291.7
17,-29,200,5,2018,563.8
17,-22,5,5,1997,19669
17,-22,60,5,1997,13617
17,40,0,7,1985,3212
17,56,5,5,1997,27234
17,56,5,6,1997,2520.66666666667
17,56,10,5,1997,9834.5
17,56,10,6,1997,1257.66666666667
17,56,15,5,1997,7565
17,56,15,6,1997,2455.375
17,56,20,6,1997,750
17,56,25,5,1997,750
17,56,25,6,1997,1319.875
17,56,30,6,1997,3024.5
17,56,40,5,1997,750
17,56,40,6,1997,3026
17,56,60,6,1997,1510
17,56,80,6,1997,1510
17,57,5,6,1997,15886.5
17,57,10,6,2000,564
17,57,10,7,1997,5547.66666666667
17,57,15,6,1997,750
17,57,25,7,1997,3026
17,57,40,6,1997,750
17,57,40,7,1997,2265.16666666667
17,57,60,6,1997,750
17,57,60,7,1997,3782.5
17,57,70,7,1997,11725.75
17,57,75,6,2000,27
17,57,80,7,1997,1509.75
17,58,20,5,1997,860
17,58,20,8,1995,7900
17,58,60,5,1997,4250
17,58,60,8,1995,1700
17,58,100,5,1997,530
17,59,5,7,1997,9078
17,59,15,7,1997,750
17,59,25,7,1997,4539
17,59,60,6,1997,8450
17,59,60,7,1997,3026
17,59,100,6,1997,260
17,60,60,8,1995,13900
17,60,100,8,1995,1300
17,149,0,5,1967,156
17,164,0,11,1969,84
18,-156,0,9,1969,108
18,-34,15,11,2005,1430
18,39,0,8,1985,4158
18,40,0,8,1985,813
18,57,5,6,1997,4536.625
18,57,15,6,1997,4538.25
18,57,25,6,1997,2457.875
18,57,40,6,1997,2266.25
18,57,60,6,1997,1510
18,57,100,6,1997,750
18,58,60,8,1995,700
18,58,100,8,1995,1000
18,119,0,6,1967,1525
18,128,0,5,1967,447
18,163,0,11,1969,33
18,179,0,4,1967,1117
19,-162,0,3,1967,1925
19,-156,0,9,1969,144
19,-106,0,2,1968,1546
19,-29,5,5,2018,2678.3
19,-29,50,5,2018,3272.8
19,-29,90,5,2018,3323.2
19,-29,150,5,2018,165.1
19,-29,200,5,2018,245.9
19,-21,0,9,1997,67328.5
19,-21,5,10,1995,10590
19,-21,30,9,1997,26477.5
19,-21,30,10,1995,10590
19,38,0,8,1985,1212
19,39,0,8,1985,2436
19,58,20,6,1997,5550
19,58,60,6,1997,660
19,65,20,5,1997,1320
19,65,60,5,1997,190
19,161,0,4,1967,514
19,161,0,11,1969,10
20,-156,0,9,1969,51
20,-156,10,9,1969,46
20,-156,20,9,1969,77.6666666666667
20,-156,30,9,1969,86
20,-156,50,9,1969,114.666666666667
20,-156,75,9,1969,71
20,-156,100,9,1969,78
20,-156,125,9,1969,88
20,-156,150,9,1969,94.6666666666667
20,-156,200,9,1969,15
20,-21,5,9,1996,9078
20,-21,20,9,1996,12104
20,-21,40,9,1996,6052
20,38,0,8,1985,2611
20,60,20,6,1997,790
20,60,60,6,1997,660
21,-155,0,9,1969,22
21,-36,115,6,2003,2467
21,-28,5,4,2018,2886.8
21,-28,50,4,2018,2384.4
21,-28,120,4,2018,446.6
21,-28,140,4,2018,100.3
21,-28,200,4,2018,103.7
21,-22,5,5,1996,3030
21,38,0,8,1985,3222
21,61,20,6,2000,29
21,61,40,6,2000,150
21,61,60,6,2000,580
21,61,120,6,2000,87
21,63,10,6,2000,52
21,63,25,6,2000,47
21,63,50,6,2000,3445
21,63,80,6,2000,51
21,159,0,11,1968,44
21,159,0,11,1969,44
22,-160,25,1,2004,100
22,-160,125,1,2004,40
22,-159,5,1,1994,1050
22,-159,5,1,1996,1323
22,-159,5,2,1994,1847
22,-159,5,2,1995,3816
22,-159,5,3,1996,2181
22,-159,5,4,1995,5881.5
22,-159,5,4,1996,889
22,-159,5,5,1995,1595
22,-159,5,5,1996,153
22,-159,5,6,1994,218
22,-159,5,6,1996,383
22,-159,5,7,1994,477
22,-159,5,7,1995,335
22,-159,5,7,1996,304
22,-159,5,8,1994,78
22,-159,5,8,1995,39
22,-159,5,9,1994,390
22,-159,5,10,1994,311
22,-159,5,10,1995,354
22,-159,5,11,1995,158
22,-159,10,1,1994,233
22,-159,10,1,1996,822
22,-159,10,2,1994,2557
22,-159,10,2,1995,3816
22,-159,10,3,1996,2076
22,-159,10,4,1995,2787
22,-159,10,4,1996,944
22,-159,10,5,1995,1154
22,-159,10,5,1996,470
22,-159,10,6,1994,118
22,-159,10,6,1996,157
22,-159,10,7,1994,503
22,-159,10,7,1995,490
22,-159,10,7,1996,178
22,-159,10,8,1994,239
22,-159,10,9,1994,392
22,-159,10,9,1995,40
22,-159,10,10,1994,555
22,-159,10,10,1995,81
22,-159,10,11,1995,161
22,-159,25,1,1994,1287
22,-159,25,2,1994,4586
22,-159,25,2,1995,3183
22,-159,25,3,1996,1718
22,-159,25,3,2004,200
22,-159,25,4,1995,5795
22,-159,25,4,1996,864
22,-159,25,5,1995,1397
22,-159,25,5,1996,344
22,-159,25,6,1994,80
22,-159,25,6,2004,1000
22,-159,25,7,1994,2801
22,-159,25,7,1995,382
22,-159,25,7,1996,130
22,-159,25,8,1994,155
22,-159,25,8,1995,126.5
22,-159,25,9,1994,841
22,-159,25,9,1995,116
22,-159,25,10,1994,349
22,-159,25,11,1994,22
22,-159,25,11,1995,236
22,-159,50,2,1994,7048
22,-159,50,2,1995,19016
22,-159,50,3,1996,2029
22,-159,50,4,1995,4760
22,-159,50,4,1996,1410
22,-159,50,5,1995,6664
22,-159,50,5,1996,878
22,-159,50,6,1994,264
22,-159,50,6,1996,312
22,-159,50,7,1994,4650
22,-159,50,7,1995,403
22,-159,50,7,1996,1020
22,-159,50,8,1994,79
22,-159,50,8,1995,148.5
22,-159,50,9,1994,621
22,-159,50,9,1995,476
22,-159,50,10,1994,436
22,-159,50,10,1995,80
22,-159,50,11,1995,201
22,-159,75,1,1994,272
22,-159,75,2,1994,4934
22,-159,75,2,1995,19909
22,-159,75,3,1996,1642
22,-159,75,4,1995,1840
22,-159,75,4,1996,2767
22,-159,75,5,1995,1940
22,-159,75,5,1996,1203
22,-159,75,6,1994,521
22,-159,75,7,1994,4082
22,-159,75,7,1995,1226
22,-159,75,7,1996,868
22,-159,75,8,1995,406
22,-159,75,9,1994,1764
22,-159,75,9,1995,3571
22,-159,75,10,1994,1319
22,-159,75,10,1995,2593
22,-159,75,11,1994,131
22,-159,75,11,1995,275
22,-159,100,1,1994,595
22,-159,100,2,1994,5927
22,-159,100,2,1995,3842
22,-159,100,3,1996,4141
22,-159,100,4,1995,4656
22,-159,100,4,1996,2248
22,-159,100,5,1995,1123
22,-159,100,5,1996,5916
22,-159,100,6,1994,854
22,-159,100,6,1996,887
22,-159,100,7,1994,8002
22,-159,100,7,1995,1486
22,-159,100,7,1996,493
22,-159,100,8,1995,1391.5
22,-159,100,9,1994,3260
22,-159,100,9,1995,4691
22,-159,100,10,1994,722
22,-159,100,10,1995,3978
22,-159,100,11,1994,113
22,-159,100,11,1995,1886
22,-159,125,3,2004,180
22,-159,125,6,2004,820
22,-159,150,2,1994,1906
22,-159,150,2,1995,392
22,-159,150,3,1996,458
22,-159,150,4,1995,2604.5
22,-159,150,4,1996,1947
22,-159,150,5,1995,2406
22,-159,150,5,1996,744
22,-159,150,6,1994,1150
22,-159,150,6,1996,382
22,-159,150,7,1994,3518
22,-159,150,7,1995,275
22,-159,150,7,1996,330
22,-159,150,8,1994,4665
22,-159,150,8,1995,217
22,-159,150,9,1994,79
22,-159,150,9,1995,776
22,-159,150,10,1994,466
22,-159,150,10,1995,275
22,-159,150,11,1994,65
22,-159,200,2,1994,126
22,-159,200,2,1995,157
22,-159,200,3,1996,236
22,-159,200,4,1995,681
22,-159,200,4,1996,158
22,-159,200,5,1995,1482
22,-159,200,5,1996,3368
22,-159,200,6,1994,155
22,-159,200,6,1996,236
22,-159,200,7,1994,1313
22,-159,200,7,1995,1368
22,-159,200,7,1996,224
22,-159,200,8,1994,1321
22,-159,200,8,1995,134
22,-159,200,9,1995,360
22,-159,200,10,1995,122
22,-159,200,11,1995,41
22,-158,25,2,2004,80
22,-158,25,6,2004,500
22,-158,125,6,2004,300
22,-157,25,2,2004,180
22,-157,160,2,2004,100
22,-155,0,9,1969,75
22,-34,15,5,2004,3659
22,-34,25,5,2004,3095
22,-34,115,5,2004,8579
22,-34,175,5,2004,332
22,-28,5,4,2018,1465.9
22,-28,50,4,2018,2001.7
22,-28,95,4,2018,2240.8
22,-28,150,4,2018,369.8
22,-28,200,4,2018,130.2
22,37,0,9,1985,948
22,66,0,9,1993,900
22,66,10,9,1993,408
22,66,15,9,1993,740
22,66,20,9,1993,635.5
22,66,30,9,1993,1305
22,66,35,9,1993,1776
22,66,40,9,1993,3155
22,66,50,9,1993,1056.66666666667
22,66,60,9,1993,249
22,66,70,9,1993,67
22,158,0,11,1968,70
22,158,0,11,1969,70
23,-159,125,6,2004,380
23,-155,0,9,1969,7
23,-37,15,11,2005,5740
23,-22,5,10,1995,4540
23,-22,80,10,1995,4540
23,64,0,9,1993,1120
23,64,10,9,1993,992
23,64,20,9,1993,1368
23,64,30,9,1993,1368
23,64,40,9,1993,3350
23,64,50,9,1993,3150
23,64,60,9,1993,650
23,64,70,9,1993,360
23,64,80,9,1993,186
23,66,0,9,1993,684
23,66,10,9,1993,385
23,66,20,9,1993,665
23,66,30,9,1993,728
23,66,40,9,1993,3373
23,66,50,9,1993,1620
23,66,80,9,1993,145
23,66,100,9,1993,66
23,156,0,11,1968,85
23,156,0,11,1969,85
24,-155,0,9,1969,183
24,-155,10,9,1969,159.333333333333
24,-155,20,9,1969,73.3333333333333
24,-155,30,9,1969,126
24,-155,50,9,1969,376
24,-155,75,9,1969,30
24,-155,100,9,1969,81
24,-155,125,9,1969,204
24,-155,150,9,1969,88
24,-155,200,9,1969,20
24,-33,20,6,2003,2202
24,-33,60,6,2003,4374
24,-33,160,6,2003,6146
24,-33,190,6,2003,2441
24,-22,5,5,1997,8321.5
24,-22,5,9,1996,6052
24,-22,40,5,1997,28676.7
24,-22,40,9,1996,19669
24,-22,90,9,1996,200
24,-21,0,9,1997,2269.5
24,-21,90,9,1997,750
24,36,0,9,1985,712
24,64,0,9,1993,85
24,64,40,9,1993,162
24,64,45,9,1993,72
24,64,100,9,1993,64
24,66,10,9,1993,240
24,66,25,9,1993,123
24,66,35,9,1993,240
24,66,45,9,1993,148
24,66,60,9,1993,72
24,66,90,9,1993,82
24,155,0,11,1968,180
25,-155,0,9,1969,18
25,-27,5,3,2018,2662.6
25,-27,50,3,2018,5040.3
25,-27,120,3,2018,159.4
25,-27,140,3,2018,57.3
25,-27,200,3,2018,27.8
25,121,0,11,2013,4399
25,121,15,11,2013,2933
25,121,35,11,2013,11731
25,121,55,11,2013,2933
25,121,95,11,2013,2933
25,122,0,11,2013,1833
25,122,50,11,2013,2095
25,122,180,11,2013,1375
25,129,0,1,1969,6150
25,141,0,1,1969,5960.5
25,154,0,11,1968,48
25,154,0,11,1969,48
26,-31,20,6,2003,1177
26,-31,155,6,2003,2089
26,-26,5,3,2018,4559.2
26,-26,50,3,2018,5008.2
26,-26,105,3,2018,903.1
26,-26,200,3,2018,18.5
26,-22,5,5,1996,6050
26,-22,90,5,1996,3030
26,34,0,10,1985,3990
26,152,0,11,1968,286
26,152,0,11,1969,286
27,-22,5,5,1997,1510
27,-22,5,10,1995,3030
27,-22,80,5,1997,3782.5
27,33,0,10,1985,2664
27,125,0,10,2013,11731
27,125,30,10,2013,2933
27,150,0,11,1968,396
27,150,0,11,1969,396
28,-25,5,2,2018,303.6
28,-25,50,2,2018,604.7
28,-25,200,2,2018,188.3
28,32,0,11,1985,30217
28,33,0,10,1985,86204
28,123,0,10,2013,20530
28,123,20,10,2013,17597
28,123,40,10,2013,2933
28,123,60,10,2013,10998
28,125,0,10,2013,15397
28,125,30,10,2013,8799
28,125,55,10,2013,17597
28,127,45,10,2013,1760
28,127,100,10,2013,3299
28,141,0,1,1969,7433.33333333333
28,149,0,11,1968,1798
29,-156,10,9,1969,24
29,-156,20,9,1969,27
29,-156,30,9,1969,39
29,-156,50,9,1969,79
29,-156,75,9,1969,162
29,-156,100,9,1969,200
29,-156,125,9,1969,1550
29,-156,150,9,1969,144
29,-156,200,9,1969,102.666666666667
29,-37,10,10,2005,4790
29,-37,15,5,2004,4880
29,-37,30,5,2004,2071
29,-37,55,5,2004,3133
29,-37,130,5,2004,8707
29,-37,195,5,2004,8228
29,-27,15,6,2003,1055
29,-27,30,6,2003,721
29,-27,55,6,2003,596
29,-27,135,6,2003,3636
29,-27,200,6,2003,641
29,-24,5,2,2018,4376
29,-24,50,2,2018,1095.7
29,-24,115,2,2018,70.4
29,-24,200,2,2018,157.8
29,-22,5,9,1996,1500
29,-22,110,9,1996,1500
29,-21,0,9,1997,1891.25
29,32,0,11,1985,6200
29,34,0,1,2018,7754.987665
29,34,0,2,2018,23174.1845
29,34,0,3,2017,23034.77935
29,34,0,3,2018,21884.1688
29,34,0,4,2017,7029.2213525
29,34,0,4,2018,11426.09319
29,34,0,4,2019,10105.61752
29,34,0,5,2017,2143.2940975
29,34,0,5,2018,5578.272368
29,34,0,6,2017,1889.698231
29,34,0,7,2017,2777.932584
29,34,0,8,2017,3536.340352
29,34,0,8,2018,2829.905342
29,34,0,9,2017,4478.809811
29,34,0,10,2017,9727.8107125
29,34,0,10,2018,3314.619246
29,34,0,11,2017,22300.57116
29,34,0,12,2017,27020.85854
29,34,0,12,2018,67673.02727
29,34,10,4,2017,8578.719294
29,34,10,5,2017,2116.399527
29,34,10,6,2017,1511.758585
29,34,10,7,2017,4056.34547
29,34,10,8,2017,4125.730411
29,34,10,8,2018,4467.809895
29,34,10,9,2017,2416.706867
29,34,10,10,2017,9221.892923
29,34,20,1,2018,7720.201979
29,34,20,2,2018,20183.88259
29,34,20,3,2017,25616.12151
29,34,20,3,2018,23312.39694
29,34,20,4,2017,8197.1480975
29,34,20,4,2018,7921.269673
29,34,20,4,2019,6701.620041
29,34,20,5,2017,2163.3111525
29,34,20,5,2018,4915.754602
29,34,20,6,2017,2303.930561
29,34,20,6,2018,1728.736277
29,34,20,7,2017,3109.066025
29,34,20,8,2017,3008.195954
29,34,20,8,2018,4488.169896
29,34,20,9,2017,2953.061414
29,34,20,10,2017,7236.648612
29,34,20,10,2018,3600.240068
29,34,20,11,2017,25794.70194
29,34,20,11,2018,26560.9604
29,34,20,12,2017,21971.40081
29,34,20,12,2018,70956.81409
29,34,30,4,2017,6510.769231
29,34,30,5,2017,2693.131236
29,34,30,6,2017,4745.242225
29,34,30,7,2017,4031.8877095
29,34,30,8,2017,8161.016154
29,34,30,8,2018,3486.611058
29,34,30,10,2017,7019.67307
29,34,40,3,2018,23558.49307
29,34,40,4,2017,8750.070438
29,34,40,4,2018,9381.631828
29,34,40,5,2017,3037.7262505
29,34,40,5,2018,5669.725107
29,34,40,6,2017,4132.671658
29,34,40,7,2017,9249.665155
29,34,40,8,2017,2305.846924
29,34,40,8,2018,2618.855399
29,34,40,9,2017,3309.433645
29,34,40,10,2017,6418.479715
29,34,40,10,2018,2886.028296
29,34,40,11,2017,23268.53865
29,34,40,12,2017,13387.65011
29,34,60,1,2018,7699.654316
29,34,60,2,2018,19171.22841
29,34,60,3,2017,25508.45323
29,34,60,3,2018,31548.194915
29,34,60,4,2017,5213.9598095
29,34,60,4,2018,12399.21192
29,34,60,4,2019,10420.01451
29,34,60,5,2017,4100.7269235
29,34,60,5,2018,4523.979439
29,34,60,6,2017,6910.896388
29,34,60,7,2017,7532.102698
29,34,60,8,2017,2781.502608
29,34,60,8,2018,2084.922976
29,34,60,9,2017,10145.96284
29,34,60,10,2017,7143.661419
29,34,60,10,2018,3132.356458
29,34,60,11,2018,15325.0835
29,34,60,12,2017,18257.90079
29,34,60,12,2018,69894.09683
29,34,80,3,2018,17156.35488
29,34,80,4,2017,4789.236907
29,34,80,4,2018,29847.17497
29,34,80,5,2017,6666.6967855
29,34,80,5,2018,16272.38561
29,34,80,6,2017,8680.431105
29,34,80,7,2017,10822.10823
29,34,80,8,2017,9187.217549
29,34,80,8,2018,2395.995561
29,34,80,9,2017,7041.791792
29,34,80,10,2017,11664.3880535
29,34,80,10,2018,5064.263345
29,34,80,11,2017,25061.36783
29,34,90,6,2018,12862.33328
29,34,100,1,2018,8657.839146
29,34,100,2,2018,20648.787375
29,34,100,3,2017,24546.38858
29,34,100,3,2018,14543.596478
29,34,100,4,2017,5637.032561
29,34,100,4,2018,27854.66419
29,34,100,4,2019,7744.09427
29,34,100,5,2017,11828.921833
29,34,100,5,2018,18000.74744
29,34,100,6,2017,14136.94699
29,34,100,7,2017,22349.688785
29,34,100,8,2017,25399.48159
29,34,100,8,2018,2571.354238
29,34,100,9,2017,5465.136736
29,34,100,10,2017,7779.429315
29,34,100,10,2018,3600.363208
29,34,100,11,2017,25085.26913
29,34,100,11,2018,23414.07369
29,34,100,12,2017,14975.5522
29,34,100,12,2018,68604.75088
29,34,120,3,2018,10725.623683
29,34,120,4,2017,5065.2665995
29,34,120,4,2018,27949.50259
29,34,120,4,2019,8690.831069
29,34,120,5,2017,7438.7963435
29,34,120,5,2018,8782.337614
29,34,120,6,2017,7149.628487
29,34,120,7,2017,15308.13999
29,34,120,8,2017,10494.16556
29,34,120,8,2018,5285.474127
29,34,120,9,2017,2623.541389
29,34,120,10,2017,2773.2359195
29,34,120,10,2018,1871.642581
29,34,120,11,2017,22886.39111
29,34,120,12,2017,24624.14251
29,34,140,2,2018,15941.677895
29,34,140,3,2017,11173.68207
29,34,140,3,2018,7210.3505925
29,34,140,4,2017,5972.933539
29,34,140,4,2018,21316.63212
29,34,140,5,2017,4480.333966
29,34,140,5,2018,5170.48361
29,34,140,6,2017,2429.579012
29,34,140,7,2017,4168.414641
29,34,140,8,2017,2627.094948
29,34,140,8,2018,1555.10293
29,34,140,9,2017,1476.827934
29,34,140,10,2017,1064.351646
29,34,140,10,2018,1596.437282
29,34,140,11,2017,26930.05606
29,34,140,12,2017,19399.9729
29,34,140,12,2018,66587.02228
29,140,0,1,1969,14170
29,141,0,1,1969,8280
29,147,0,11,1968,2730
29,147,0,11,1969,2815
29,149,0,11,1969,1902
30,-155,0,9,1969,25
30,-22,5,5,1996,4540
30,-22,80,5,1996,31020
30,18,5,6,2008,133.35
30,18,25,6,2008,355.6
30,18,25,7,2008,88.9
30,18,50,6,2008,1355.74
30,18,50,7,2008,373.38
30,19,5,6,2008,1237.2
30,19,25,6,2008,414.87
30,20,25,6,2008,1911.36
30,127,0,10,2013,5499
30,127,30,10,2013,8249
30,127,50,10,2013,2200
30,127,95,10,2013,4888
30,146,0,11,1968,1151
31,-155,0,9,1969,180
31,-23,5,1,2018,1214.5
31,-23,50,1,2018,670.3
31,-23,85,1,2018,2101.1
31,-23,150,1,2018,100.5
31,-22,5,5,1997,750
31,15,25,7,2008,503.77
31,16,5,7,2008,22.23
31,16,25,7,2008,103.01
31,16,50,7,2008,622.305
31,16,75,7,2008,527.705
31,16,100,7,2008,22.23
31,16,150,7,2008,81.49
31,16,200,7,2008,755.66
31,17,25,7,2008,88.9
31,17,50,7,2008,53.34
31,17,75,7,2008,555.63
31,17,100,7,2008,266.7
31,17,150,7,2008,226.5
31,18,5,7,2008,613.415
31,18,25,7,2008,997.91
31,18,50,7,2008,405.015
31,18,75,7,2008,474.135
31,18,100,7,2008,362.27
31,18,150,7,2008,812.74
31,18,200,7,2008,228.6
31,19,5,7,2008,533.405
31,19,25,7,2008,1911.36
31,19,50,7,2008,533.4
31,19,75,6,2008,22.23
31,19,75,7,2008,462.28
31,19,100,6,2008,88.9
31,19,100,7,2008,1155.71
31,19,150,7,2008,651.94
31,19,200,7,2008,1044.58
31,125,0,10,2013,35194
31,125,30,10,2013,41793
31,125,60,10,2013,7332
31,129,0,11,1968,16800
31,140,0,1,1969,15095.3333333333
31,144,0,11,1968,2952
31,144,0,11,1969,2952
31,146,0,11,1969,1163
32,-155,0,9,1969,182
32,-65,0,1,1991,27464
32,-65,0,1,1992,84753
32,-65,0,1,1993,33035
32,-65,0,1,1994,2769
32,-65,0,2,1991,18970
32,-65,0,2,1992,68861
32,-65,0,2,1993,20677
32,-65,0,3,1991,27656
32,-65,0,3,1993,27425
32,-65,0,4,1991,83480
32,-65,0,4,1992,52508
32,-65,0,5,1991,7034
32,-65,0,6,1991,11298
32,-65,0,6,1992,126
32,-65,0,6,1993,3398
32,-65,0,7,1991,3515
32,-65,0,7,1993,881
32,-65,0,8,1991,135
32,-65,0,9,1991,4851
32,-65,0,9,1992,4783
32,-65,0,9,1993,6356
32,-65,0,10,1992,7174
32,-65,0,10,1993,3398
32,-65,0,11,1991,13016
32,-65,0,11,1992,10265
32,-65,0,11,1993,9120
32,-65,10,1,1994,1259
32,-65,10,12,1992,22764
32,-65,20,3,1993,18627
32,-65,25,1,1991,33124
32,-65,25,1,1992,39436
32,-65,25,1,1993,23176
32,-65,25,1,1994,629
32,-65,25,2,1991,15801
32,-65,25,2,1992,57920
32,-65,25,4,1991,60256
32,-65,25,4,1992,39914.5
32,-65,25,5,1991,47776
32,-65,25,6,1991,5025
32,-65,25,6,1992,12323
32,-65,25,6,1993,4723
32,-65,25,7,1991,6262
32,-65,25,7,1992,252
32,-65,25,7,1993,1007
32,-65,25,8,1991,1490
32,-65,25,8,1993,252
32,-65,25,9,1991,3692
32,-65,25,9,1992,6596
32,-65,25,9,1993,2769
32,-65,25,10,1992,1007
32,-65,25,10,1993,5286
32,-65,25,11,1991,21617
32,-65,25,11,1992,4153
32,-65,25,11,1993,8873
32,-65,40,3,1993,17366
32,-65,50,1,1991,22647
32,-65,50,1,1992,68007
32,-65,50,1,1994,6041
32,-65,50,2,1991,17016
32,-65,50,2,1992,74966
32,-65,50,2,1993,1888
32,-65,50,3,1991,20959
32,-65,50,4,1991,88055
32,-65,50,4,1992,51954.5
32,-65,50,5,1991,15421
32,-65,50,6,1991,2391
32,-65,50,6,1992,9062
32,-65,50,6,1993,3501
32,-65,50,7,1991,2499
32,-65,50,7,1992,378
32,-65,50,7,1993,378
32,-65,50,8,1991,1313
32,-65,50,8,1993,378
32,-65,50,9,1991,1122
32,-65,50,9,1992,2985
32,-65,50,9,1993,755
32,-65,50,10,1992,4405
32,-65,50,10,1993,7834
32,-65,50,11,1991,4531
32,-65,50,11,1992,9062
32,-65,50,11,1993,3398
32,-65,50,12,1992,55220
32,-65,75,1,1991,29867
32,-65,75,1,1992,28192
32,-65,75,1,1993,6293
32,-65,75,1,1994,9032
32,-65,75,2,1991,20484
32,-65,75,2,1992,26517
32,-65,75,3,1991,25036
32,-65,75,4,1991,50343
32,-65,75,4,1992,47720
32,-65,75,5,1991,43980
32,-65,75,6,1991,15511
32,-65,75,6,1992,20906
32,-65,75,6,1993,5219
32,-65,75,7,1991,1636
32,-65,75,7,1993,1699
32,-65,75,8,1991,3272
32,-65,75,8,1993,503
32,-65,75,9,1991,2438
32,-65,75,9,1992,9864
32,-65,75,9,1993,4027
32,-65,75,10,1992,252
32,-65,75,10,1993,252
32,-65,75,11,1991,22807
32,-65,75,11,1992,5034
32,-65,75,11,1993,629
32,-65,80,3,1993,44554
32,-65,100,1,1991,38559
32,-65,100,1,1992,34719
32,-65,100,1,1993,4531
32,-65,100,1,1994,13822
32,-65,100,2,1991,27573
32,-65,100,2,1992,36160
32,-65,100,2,1993,23960
32,-65,100,3,1991,23245
32,-65,100,3,1993,59113
32,-65,100,4,1991,23057
32,-65,100,4,1992,3332
32,-65,100,5,1991,13507
32,-65,100,6,1991,7578
32,-65,100,6,1992,34846
32,-65,100,6,1993,3485
32,-65,100,7,1991,230
32,-65,100,7,1993,629
32,-65,100,8,1991,1353
32,-65,100,9,1991,4522
32,-65,100,9,1992,1628
32,-65,100,9,1993,126
32,-65,100,10,1992,6867
32,-65,100,10,1993,717
32,-65,100,11,1991,249
32,-65,100,11,1992,376
32,-65,100,11,1993,2895
32,-65,100,12,1992,28774
32,-65,140,3,1993,6922
32,-65,150,1,1991,52432
32,-65,150,1,1992,22510
32,-65,150,2,1991,15981
32,-65,150,2,1992,15271
32,-65,150,2,1993,15641
32,-65,150,3,1991,15913
32,-65,150,4,1991,12530
32,-65,150,4,1992,30138.5
32,-65,150,5,1991,1760
32,-65,150,6,1991,2012
32,-65,150,6,1992,10494
32,-65,150,6,1993,1510
32,-65,150,7,1993,755
32,-65,150,9,1992,2845
32,-65,150,10,1993,135
32,-65,150,11,1991,153
32,-65,150,11,1993,216
32,-65,200,1,1992,27249
32,-65,200,2,1991,1007
32,-65,200,2,1992,30877
32,-65,200,2,1993,629
32,-65,200,3,1991,9314
32,-65,200,4,1991,3146
32,-65,200,4,1992,3831
32,-65,200,5,1991,252
32,-65,200,6,1991,881
32,-65,200,6,1992,2391
32,-65,200,6,1993,1259
32,-65,200,7,1991,126
32,-65,200,7,1993,378
32,-65,200,9,1991,126
32,-65,200,9,1992,126
32,-65,200,9,1993,126
32,-65,200,10,1992,1384
32,-65,200,10,1993,218
32,-65,200,11,1993,126
32,-65,200,12,1992,503
32,-18,0,9,1997,1513
32,-18,75,9,1997,5295.5
32,14,5,7,2008,296.34
32,14,25,7,2008,59.27
32,14,75,7,2008,333.38
32,14,100,7,2008,59.27
32,15,5,7,2008,94.98
32,15,25,7,2008,318.56
32,15,50,7,2008,311.15
32,15,75,7,2008,6489.75
32,15,100,7,2008,592.67
32,15,150,7,2008,296.34
32,15,200,7,2008,711.21
32,16,25,7,2008,152.29
32,16,50,7,2008,555.63
32,16,75,7,2008,29.63
32,16,150,7,2008,44.45
32,17,5,7,2008,281.52
32,17,25,7,2008,217.56
32,17,50,7,2008,170.395
32,17,75,7,2008,177.8
32,17,100,7,2008,444.5
32,17,200,7,2008,255.59
32,19,5,7,2008,1689.11
32,19,25,7,2008,1540.95
32,19,50,7,2008,2370.68
32,19,75,7,2008,711.21
32,19,100,7,2008,1333.51
32,19,150,7,2008,688.98
32,20,5,7,2010,70.5
32,20,25,7,2010,1664
32,20,50,7,2010,247.5
32,20,75,7,2010,917
32,20,100,7,2010,5367
32,20,150,7,2010,781.5
32,20,200,7,2010,508.5
32,21,50,7,2010,213
32,21,75,7,2010,117
32,22,5,7,2010,981
32,22,25,7,2010,341
32,22,50,7,2010,3697
32,22,75,7,2010,2686
32,22,100,7,2010,2176
32,23,5,7,2010,4244.5
32,23,25,7,2010,3434
32,23,50,7,2010,1834.5
32,23,75,7,2010,3121.5
32,23,95,7,2010,1962
32,23,100,7,2010,5759
32,23,150,7,2010,1792
32,23,200,7,2010,299
32,24,5,7,2010,2794
32,24,25,7,2010,3426.5
32,24,45,7,2010,3370
32,24,50,7,2010,1568
32,24,75,7,2010,2702
32,24,100,7,2010,6470
32,24,150,7,2010,627
32,24,185,7,2010,127
32,28,0,7,1985,16470
32,30,0,7,1985,10608
32,125,0,10,2013,10998
32,125,35,10,2013,4399
32,125,50,10,2013,10998
32,125,60,10,2013,14664
32,127,0,10,2013,17597
32,127,30,10,2013,43993
32,127,50,10,2013,8799
32,127,80,10,2013,2200
32,129,0,11,1968,15840
32,140,0,1,1969,9727.5
32,142,0,11,1968,19800
32,142,0,11,1969,19800
33,-155,0,9,1969,294
33,-23,5,1,2018,3335
33,-23,50,1,2018,191.2
33,-23,90,1,2018,217
33,-23,100,1,2018,317
33,-23,150,1,2018,124.6
33,-22,10,3,2004,34800
33,-22,50,3,2004,68300
33,-22,65,3,2004,74300
33,-22,75,3,2004,105500
33,-22,85,3,2004,80300
33,-22,100,3,2004,37800
33,-22,200,3,2004,21000
33,-21,5,9,1995,7560
33,21,5,7,2010,103
33,21,25,7,2010,993
33,21,50,7,2010,2062
33,21,75,7,2010,609
33,21,100,7,2010,943
33,21,150,7,2010,3149
33,21,200,7,2010,1365
33,22,5,7,2010,994
33,22,25,7,2010,1115
33,22,50,7,2010,1896
33,22,75,7,2010,498
33,22,100,7,2010,1201
33,22,150,7,2010,702
33,22,200,7,2010,1232
33,25,0,7,1985,14688
33,28,5,5,2013,10866
33,28,10,5,2013,6882
33,28,25,4,2011,33141
33,28,25,5,2013,17801
33,28,50,5,2013,28814
33,28,75,5,2013,40887
33,28,100,5,2013,41179
33,28,125,5,2013,37614
33,28,150,5,2013,37835
33,30,0,4,2011,35793
33,30,5,4,2011,22509
33,30,25,4,2011,21753
33,30,50,4,2011,27857
33,30,100,4,2011,42988
33,34,5,4,2011,21300
33,35,5,4,2011,18157
33,124,0,10,2013,46437
33,124,15,10,2013,42160
33,124,30,10,2013,34217
33,124,40,10,2013,4399
33,140,0,11,1968,4940.5
33,140,0,11,1969,5005
33,141,0,11,1968,3290
34,-155,0,9,1969,8
34,-155,10,9,1969,279
34,-155,20,9,1969,182
34,-155,30,9,1969,1386
34,-155,50,9,1969,6225
34,-155,75,9,1969,6556
34,-155,100,9,1969,8762
34,-155,125,9,1969,2100
34,-155,150,9,1969,968
34,-155,200,9,1969,288
34,-76,0,8,1965,480
34,-76,10,8,1965,240
34,-76,30,8,1965,960
34,-76,75,8,1965,240
34,-76,100,8,1965,160
34,-76,150,8,1965,120
34,-76,200,8,1965,120
34,-76,300,8,1965,240
34,-75,0,8,1965,520
34,-75,10,8,1965,520
34,-75,30,8,1965,640
34,-75,100,8,1965,480
34,-75,150,8,1965,240
34,-75,200,8,1965,960
34,-75,300,8,1965,120
34,-74,0,8,1965,1080
34,-74,10,8,1965,1080
34,-74,30,8,1965,1220
34,-74,75,8,1965,1340
34,-74,100,8,1965,1480
34,-74,150,8,1965,840
34,-74,200,8,1965,360
34,-74,300,8,1965,240
34,-22,5,5,1997,3026
34,-22,5,9,1996,1500
34,-22,10,3,2004,58100
34,-22,50,3,2004,55700
34,-22,75,3,2004,38300
34,-22,80,9,1996,6052
34,-22,90,5,1997,19669
34,-22,100,3,2004,35400
34,-22,150,3,2004,10200
34,-22,200,3,2004,6600
34,19,5,11,1997,2444
34,19,10,11,1997,2571
34,19,25,11,1997,1297
34,19,50,11,1997,1003
34,19,80,11,1997,71
34,19,100,11,1997,17
34,19,150,11,1997,37
34,19,200,11,1997,117
34,21,0,7,1985,13588
34,21,5,11,1997,4987
34,21,10,11,1997,8794
34,21,25,11,1997,5813
34,21,50,11,1997,4234
34,21,80,11,1997,1184
34,21,100,11,1997,97
34,21,150,11,1997,90
34,21,200,11,1997,22
34,22,5,4,2011,16285
34,24,5,4,2011,18897
34,24,25,4,2011,32965
34,26,5,4,2011,37961
34,26,25,4,2011,36761
34,26,105,4,2011,63052
34,32,0,1,2019,29810
34,32,0,8,2018,160
34,32,0,9,2018,5090
34,32,5,4,2012,19694
34,32,10,8,2018,310
34,32,10,9,2018,3970
34,32,25,1,2019,31840
34,32,25,4,2011,32073
34,32,25,8,2018,900
34,32,25,9,2018,7235
34,32,50,4,2011,25874
34,32,50,8,2018,3780
34,32,50,9,2018,6425
34,32,60,1,2019,20410
34,32,80,1,2019,27520
34,32,80,8,2018,2160
34,32,100,1,2019,19880
34,32,100,4,2011,27651
34,32,100,9,2018,1370
34,32,110,9,2018,39610
34,32,125,8,2018,1100
34,32,135,9,2018,380
34,32,150,1,2019,13010
34,32,150,9,2018,4545
34,32,180,9,2018,470
34,32,200,1,2019,1600
34,32,200,9,2018,1240
34,33,0,1,2019,32390
34,33,25,9,2018,1585
34,33,25,10,2018,6350
34,33,50,1,2019,26770
34,33,50,9,2018,3160
34,33,75,9,2018,1150
34,33,75,10,2018,6870
34,33,100,1,2019,23800
34,33,100,9,2018,4120
34,139,0,1,1969,11625
34,140,0,11,1968,7866
34,140,0,11,1969,4364
35,-155,0,9,1969,888
35,-30,10,10,2005,5210
35,-21,5,5,1996,16643
35,-21,5,9,2018,6270.6
35,-21,20,9,2018,6033.6
35,-21,50,9,2018,190.2
35,-21,60,5,1996,54468
35,-21,105,9,2018,323.6
35,-21,150,9,2018,38.6
35,-20,0,9,1997,2269.5
35,-20,85,9,1997,6808.5
35,-8,0,7,1985,6048
35,-6,5,4,2011,20465
35,-6,5,5,2013,38915
35,-6,10,5,2013,57594
35,-6,50,5,2013,9491
35,-6,75,5,2013,5524
35,15,0,7,1985,19224
35,17,0,7,1985,462
35,17,5,4,2011,11729
35,17,5,11,1997,8798
35,17,5,12,1997,13956
35,17,10,11,1997,2667
35,17,10,12,1997,11035
35,17,25,4,2011,8292
35,17,25,11,1997,25684
35,17,25,12,1997,12822
35,17,50,11,1997,69
35,17,50,12,1997,4692
35,17,80,11,1997,785
35,17,80,12,1997,426
35,17,100,11,1997,77
35,17,100,12,1997,313
35,17,150,11,1997,2230
35,17,150,12,1997,155
35,17,200,11,1997,22
35,17,200,12,1997,134
35,18,5,5,2013,18962
35,18,5,12,1997,18468
35,18,10,5,2013,21129
35,18,10,12,1997,4664
35,18,25,5,2013,27228
35,18,25,12,1997,9464
35,18,50,5,2013,22723
35,18,50,12,1997,86
35,18,75,5,2013,35081
35,18,80,12,1997,334
35,18,100,12,1997,44
35,18,110,5,2013,79280
35,18,125,5,2013,86429
35,18,150,5,2013,21877
35,18,150,12,1997,127
35,18,175,5,2013,6948
35,18,200,12,1997,140
35,19,5,11,1997,5436
35,19,10,11,1997,5005
35,19,25,11,1997,8598
35,19,50,11,1997,7024
35,19,80,11,1997,1605
35,19,100,11,1997,829
35,19,150,11,1997,93
35,19,200,11,1997,202
35,20,0,4,2011,12771
35,20,5,4,2011,9485
35,20,5,12,1997,9191
35,20,10,12,1997,11318
35,20,25,4,2011,42937
35,20,25,12,1997,4523
35,20,50,4,2011,44943
35,20,50,12,1997,824
35,20,80,12,1997,230
35,20,100,12,1997,77
35,20,105,4,2011,65146
35,20,200,12,1997,51
35,21,5,11,1997,6690
35,21,10,11,1997,1906
35,21,25,11,1997,7421
35,21,50,11,1997,5393
35,21,80,11,1997,1257
35,21,100,11,1997,310
35,21,150,11,1997,59
35,21,200,11,1997,79
35,22,5,11,1997,17153
35,22,10,11,1997,12927
35,22,25,11,1997,11618
35,22,50,11,1997,9297
35,22,80,11,1997,5096
35,22,100,11,1997,3477
35,22,150,11,1997,83
35,22,200,11,1997,97
35,23,5,2,2012,13170
35,23,30,2,2012,15540
35,23,60,2,2012,14320
35,23,90,2,2012,23830
35,23,150,2,2012,2120
35,25,0,5,2013,2500
35,25,10,5,2013,4720
35,25,20,5,2013,1540
35,25,50,5,2013,2600
35,25,75,5,2013,5780
35,25,100,5,2013,5200
35,25,120,5,2013,4240
35,26,5,4,2011,46710
35,26,25,4,2011,55800
35,27,5,1,2007,5280
35,27,20,1,2007,38920
35,27,50,1,2007,14700
35,27,85,1,2007,33330
35,27,150,1,2007,47170
35,27,200,1,2007,19070
35,141,0,11,1968,8389.33333333333
36,-21,5,9,2018,1737.4
36,-21,20,9,2018,7365.3
36,-21,105,9,2018,344.7
36,-21,115,9,2018,46.7
36,-21,150,9,2018,34.8
36,-7,5,5,2013,23632
36,-7,10,5,2013,46537
36,-7,25,5,2013,52574
36,-7,50,5,2013,61690
36,-6,0,4,2011,127861
36,-6,5,4,2011,39615
36,-6,25,4,2011,132390
36,-6,50,4,2011,37870
36,-6,100,4,2011,16541
36,-5,5,4,2011,13750
36,-5,25,4,2011,20674
36,-5,50,4,2011,12538
36,-5,100,4,2011,32205
36,-2,0,7,1985,1845
36,-2,5,4,2011,13499
36,-2,25,4,2011,5942
36,0,0,7,1985,3116
36,2,0,7,1985,7667
36,13,5,6,2016,4923.07692307692
36,13,25,6,2016,12521.7391304348
36,13,50,6,2016,17808.6956521739
36,13,75,6,2016,16924.4444444445
36,13,100,6,2016,3047.61904761905
36,13,150,6,2016,2458.94736842105
36,13,200,6,2016,492.307692307692
36,14,0,7,1985,938
36,15,5,6,2016,8888.88888888889
36,15,25,6,2016,6880
36,15,50,6,2016,4928
36,15,75,6,2016,13226.6666666667
36,15,100,6,2016,640
36,15,150,6,2016,384
36,15,200,6,2016,32
36,17,5,6,2016,3242.66666666667
36,17,25,6,2016,5200
36,17,50,6,2016,3316.36363636364
36,17,75,6,2016,3764.70588235294
36,17,100,6,2016,3253.33333333333
36,17,150,6,2016,1280
36,17,200,6,2016,1240
36,18,5,4,2011,14544
36,18,25,4,2011,17692
36,18,50,4,2011,51831
36,21,5,2,2012,13630
36,21,30,2,2012,21720
36,21,60,2,2012,19170
36,21,90,2,2012,19890
36,21,120,2,2012,12670
37,-22,10,3,2004,12500
37,-22,30,3,2004,4200
37,-22,50,3,2004,15000
37,-22,100,3,2004,7800
37,-22,150,3,2004,1800
37,-22,200,3,2004,600
37,-21,80,5,1997,5295.5
37,-20,5,9,1995,1510
37,-20,90,9,1995,1510
37,-1,0,4,2011,17574
37,-1,5,4,2011,23610
37,-1,25,4,2011,25224
37,-1,50,4,2011,18618
37,-1,100,4,2011,10484
37,1,0,4,2011,8771
37,1,5,4,2011,10481
37,1,5,5,2013,14123
37,1,10,5,2013,29942
37,1,25,4,2011,12872
37,1,25,5,2013,79244
37,1,40,5,2013,152103
37,1,50,4,2011,30643
37,1,75,5,2013,32398
37,1,100,4,2011,7169
37,1,100,5,2013,8471
37,4,0,7,1985,2516
37,6,0,7,1985,2040
37,8,0,7,1985,7540
37,10,0,7,1985,1419
37,11,5,6,2016,3626.66666666667
37,11,25,6,2016,7168
37,11,50,6,2016,11520
37,11,75,6,2016,13056
37,11,100,6,2016,7466.66666666667
37,11,150,6,2016,2474.66666666667
37,11,200,6,2016,512
37,12,5,5,2013,12972
37,12,10,5,2013,6607
37,12,25,5,2013,5047
37,12,50,5,2013,34090
37,12,75,5,2013,3800
37,12,100,5,2013,17393
37,19,0,4,2011,26552
37,19,5,4,2011,18234
37,23,5,2,2012,1690
37,23,20,2,2012,1970
37,24,0,3,2003,8670
37,24,0,4,2002,3177.75
37,24,0,8,2001,1275.92857142857
37,24,0,8,2002,2205.33333333333
37,24,5,3,2002,26520
37,24,5,3,2003,21689.4285714286
37,24,5,4,2002,3316
37,24,5,8,2001,1499.13333333333
37,24,5,8,2002,2356.58333333333
37,24,5,9,2004,2523.9
37,24,5,11,2003,20319.8571428571
37,24,10,3,2003,23924
37,24,10,8,2001,1600
37,24,10,8,2002,514
37,24,10,9,2004,1657
37,24,10,11,2003,18090
37,24,15,3,2002,21780
37,24,15,3,2003,24563.25
37,24,15,4,2002,4537
37,24,15,8,2001,1858.11111111111
37,24,15,8,2002,3415.33333333333
37,24,15,9,2004,3277.5
37,24,15,11,2003,16527
37,24,20,8,2001,1705
37,24,20,8,2002,3837
37,24,20,9,2004,1413
37,24,20,11,2003,21323
37,24,25,4,2002,3376
37,24,25,8,2001,944
37,24,25,8,2002,5457
37,24,30,8,2001,1830
37,24,30,8,2002,5587
37,24,30,9,2004,3124.33333333333
37,24,40,8,2001,399
37,24,45,3,2002,25750
37,24,45,3,2003,25529
37,24,45,4,2002,3504.5
37,24,45,8,2001,1538
37,24,45,8,2002,2649.75
37,24,45,11,2003,10565
37,24,60,3,2002,29090
37,24,60,3,2003,29094
37,24,60,8,2001,2059
37,24,60,8,2002,674
37,24,60,9,2004,3981
37,24,60,11,2003,9569
37,24,80,8,2001,2697
37,24,80,8,2002,4624
37,24,90,4,2002,7836
37,24,90,8,2001,1404
37,24,90,8,2002,1734
37,24,120,9,2004,387.5
37,25,0,4,2002,5202
37,25,0,8,2001,1081.33333333333
37,25,0,8,2002,899
37,25,5,4,2002,4247
37,25,5,4,2011,17798
37,25,5,8,2001,5254.33333333333
37,25,5,8,2002,2120
37,25,15,4,2002,2408
37,25,15,8,2001,4031
37,25,15,8,2002,4173
37,25,25,4,2011,23163
37,25,45,4,2002,6454
37,25,45,8,2001,1558.33333333333
37,25,45,8,2002,3468
37,25,75,4,2011,17376
37,25,90,4,2002,1321
37,25,90,8,2001,2125.66666666667
37,25,90,8,2002,2180
37,25,120,4,2002,3743
37,25,120,8,2001,900
37,25,120,8,2002,2052
37,141,0,11,1968,9218.66666666667
38,-21,0,9,1997,750
38,-21,5,5,2004,1785
38,-21,10,5,2004,2268
38,-21,25,5,2004,1561
38,-21,40,9,1996,1500
38,-21,50,5,2004,1783
38,-21,80,9,1996,6052
38,-21,80,9,1997,8321.5
38,-19,5,9,2018,701.9
38,-19,20,9,2018,514.5
38,-19,50,9,2018,2493.1
38,-19,70,9,2018,7256.9
38,-19,150,9,2018,631.8
38,5,0,4,2011,15404
38,5,5,4,2011,18957
38,5,5,5,2013,2335
38,5,10,5,2013,2312
38,5,25,4,2011,56234
38,5,25,5,2013,1519
38,5,50,4,2011,32908
38,5,50,5,2013,2712
38,5,75,5,2013,4793
38,5,80,5,2013,4592
38,5,105,4,2011,14055
38,5,125,5,2013,10862
38,9,5,4,2011,42592
38,9,25,4,2011,18673
38,9,50,4,2011,57091
38,9,100,4,2011,9660
38,10,5,4,2011,20249
38,10,5,6,2016,8369.23076923077
38,10,25,6,2016,7964.44444444445
38,10,50,6,2016,18432
38,10,75,6,2016,5120
38,10,100,4,2011,5833
38,10,100,6,2016,782.222222222222
38,10,150,6,2016,290.909090909091
38,10,200,6,2016,192
38,11,5,4,2011,24746
38,11,25,4,2011,27640
38,12,5,6,2016,5055.83959899749
38,12,5,7,2009,4347.46898333333
38,12,25,6,2016,11037.6539589443
38,12,25,7,2009,3685.829
38,12,50,6,2016,10336
38,12,50,7,2009,13073.3210333333
38,12,75,6,2016,8975.23809523808
38,12,75,7,2009,3721.59323333333
38,12,100,6,2016,6861.81818181818
38,12,100,7,2009,2312.33316
38,12,150,6,2016,1109.33333333333
38,12,150,7,2009,117.331075
38,12,200,6,2016,480
38,12,200,7,2009,109.333325
38,13,5,6,2016,3585.18518518518
38,13,5,7,2009,2103.45
38,13,25,6,2016,3590.32967032967
38,13,25,7,2009,565.31522
38,13,50,6,2016,9520
38,13,50,7,2009,379.849316666667
38,13,75,6,2016,17872
38,13,75,7,2009,3009.20731666667
38,13,100,6,2016,3933.56725146199
38,13,100,7,2009,2480.37336666667
38,13,120,6,2016,6640
38,13,150,6,2016,880
38,13,150,7,2009,104.380966666667
38,13,200,6,2016,64
38,13,200,7,2009,46.4446
38,14,5,7,2009,3160.48908333333
38,14,25,7,2009,4596.31281666667
38,14,50,7,2009,1972.97033333333
38,14,75,7,2009,19800.55525
38,14,100,7,2009,2765.45998333333
38,14,150,7,2009,240.16565
38,14,200,7,2009,109.714275
38,18,0,4,2011,21259
38,18,5,4,2011,20296
38,18,5,6,2016,5589.33333333333
38,18,25,6,2016,4316.27906976744
38,18,50,4,2011,72771
38,18,50,6,2016,1432.83582089552
38,18,75,6,2016,3946.66666666667
38,18,100,4,2011,14967
38,18,100,6,2016,8087.27272727273
38,18,150,6,2016,448
38,18,200,6,2016,128
38,24,5,4,2006,2676.66666666667
38,24,15,4,2006,4145
38,24,30,4,2006,5180
38,141,0,11,1968,1296
39,-155,0,9,1969,3344
39,-155,5,9,1969,4240
39,-155,10,9,1969,3198
39,-155,20,9,1969,2592
39,-155,30,9,1969,10175
39,-155,50,9,1969,20585
39,-155,75,9,1969,68145
39,-155,100,9,1969,1972
39,-155,125,9,1969,675
39,-155,150,9,1969,464
39,-155,200,9,1969,225
39,-22,10,3,2004,9600
39,-22,50,3,2004,7200
39,-22,100,3,2004,7800
39,-22,125,3,2004,5400
39,-22,150,3,2004,6600
39,-22,200,3,2004,1800
39,-20,5,5,1996,99858
39,-20,40,5,1996,59760
39,-18,5,9,2018,277.4
39,-18,20,9,2018,678
39,-18,70,9,2018,306
39,-18,80,9,2018,1075.8
39,-18,150,9,2018,24.7
39,-11,0,7,1985,32560
39,-10,5,3,2010,31789.1764705882
39,-10,10,3,2010,56027
39,-10,15,3,2010,26985.2222222222
39,-10,20,3,2010,21476
39,-10,25,3,2010,18702.5714285714
39,-10,40,3,2010,3849
39,-10,50,3,2010,6959.91666666667
39,-10,100,3,2010,3243.2
39,12,5,6,2016,8256
39,12,25,6,2016,1955.55555555556
39,12,50,6,2016,1003.92156862745
39,12,75,6,2016,3296
39,12,100,6,2016,14537.1428571429
39,12,150,6,2016,576
39,12,200,6,2016,320
39,13,5,6,2016,11076.9230769231
39,13,25,6,2016,9880.70175438597
39,13,50,6,2016,3517.11711711712
39,13,75,6,2016,35388.2352941176
39,13,100,6,2016,3117.94871794872
39,13,150,6,2016,902.013422818792
39,13,200,6,2016,731.428571428571
39,18,25,4,2011,63025
39,18,50,4,2011,58258
39,18,100,4,2011,63104
39,23,5,2,2007,10600
39,23,20,2,2007,15800
39,23,40,2,2007,13440
39,23,50,2,2007,15030
39,23,80,2,2007,3080
39,23,100,2,2007,1730
39,23,200,2,2007,1160
39,24,0,1,2011,33140
39,24,20,1,2011,29800
39,24,50,1,2011,29030
39,24,75,1,2011,17730
39,24,100,1,2011,18630
39,24,150,1,2011,1410
39,24,200,1,2011,320
39,25,0,3,2014,25966.6666666667
39,25,0,7,2014,113.333333333333
39,25,0,10,2013,6502
39,25,10,3,2014,32563.3333333333
39,25,10,7,2014,340
39,25,10,10,2013,625
39,25,20,3,2014,26686.6666666667
39,25,20,7,2014,560
39,25,20,10,2013,1180
39,25,30,3,2014,39500
39,25,30,7,2014,1110
39,25,30,10,2013,2574
39,25,50,3,2014,28513.3333333333
39,25,50,7,2014,933.333333333333
39,25,50,10,2013,1540
39,25,75,3,2014,21213.3333333333
39,25,75,7,2014,430
39,25,75,10,2013,696
39,25,100,10,2013,1350
40,-156,0,8,1969,11000
40,-11,0,7,1985,2988
40,2,0,2,1990,4285.71428571429
40,2,5,6,1996,7310
40,2,10,2,1990,4071.42857142857
40,2,15,2,1990,6500
40,2,20,2,1990,8166.66666666667
40,2,30,2,1990,5142.85714285714
40,2,30,3,1985,1172
40,2,40,2,1990,6687.5
40,2,40,6,1996,6800
40,2,50,2,1990,4944.44444444444
40,2,50,3,1985,5895
40,2,60,2,1990,6333.33333333333
40,2,60,3,1985,1165
40,2,70,2,1990,5833.33333333333
40,2,70,3,1985,3496.5
40,2,70,6,1996,12410
40,2,80,2,1990,9000
40,2,80,3,1985,2358
40,2,90,2,1990,3187.5
40,2,90,3,1985,1086.5
40,2,100,3,1985,1162
40,2,100,6,1996,1870
40,2,120,2,1990,2500
40,2,200,2,1990,1000
40,2,200,3,1985,1172
40,3,0,2,1990,1000
40,3,0,3,1985,4689
40,3,10,2,1990,2250
40,3,20,2,1990,2250
40,3,30,2,1990,3250
40,3,40,2,1990,2250
40,3,40,7,1996,8670
40,3,50,2,1990,1250
40,3,60,2,1990,2500
40,3,70,2,1990,6750
40,3,90,2,1990,5000
40,3,100,7,1996,510
40,3,200,2,1990,1000
40,10,5,6,2016,4904.67289719626
40,10,25,6,2016,6528
40,10,50,6,2016,1026.73796791444
40,10,75,6,2016,9152
40,10,100,6,2016,995.555555555556
40,10,150,6,2016,544
40,10,200,6,2016,160
40,11,0,4,2011,9146
40,11,5,4,2011,5166
40,13,5,2,2013,44373.10620125
40,13,5,2,2014,30375.3333333333
40,13,5,6,2012,1900
40,13,5,6,2013,14228.4059973333
40,13,5,10,2012,115348.25
40,13,5,10,2014,114874.86111
40,13,10,10,2012,3840
40,13,15,2,2013,36266.3058042857
40,13,15,2,2014,23942.75
40,13,15,6,2013,12892.8333333333
40,13,15,10,2012,74731.8
40,13,15,10,2014,76068.84505
40,13,20,6,2012,2496
40,13,20,6,2013,2496
40,13,30,2,2013,26331.42969
40,13,30,2,2014,15015
40,13,30,6,2013,11067
40,13,30,10,2012,16013.5
40,13,30,10,2014,12697.555175
40,13,40,6,2012,8640
40,13,40,6,2013,8640
40,14,5,6,2016,23570.7317073171
40,14,25,6,2016,19200
40,14,50,6,2016,12886.4864864865
40,22,5,1,2016,7514.28166666667
40,22,5,3,2016,19684.8489814815
40,22,5,4,2016,419258.382222222
40,22,5,5,2016,217464.595925926
40,22,5,7,2016,213868.016666667
40,22,5,9,2016,21868.4863888889
40,22,5,11,2016,513.797037037038
40,22,5,12,2016,19074.715
40,24,0,1,2011,16060
40,24,5,1,2011,393700
40,24,5,5,2011,393696.97962963
40,24,20,1,2011,22800
40,24,30,1,2011,9900
40,24,30,5,2011,10789.7377777778
40,24,50,1,2011,17280
40,24,60,1,2011,52090
40,24,60,5,2011,52086.1746296297
40,24,75,1,2011,14770
40,24,90,1,2011,13170
40,24,90,5,2011,13166.0490740741
40,24,100,1,2011,10660
40,24,150,1,2011,1990
40,24,200,1,2011,320
40,25,0,1,2011,21513.0787037037
40,25,0,3,2014,45470
40,25,0,5,2011,24920
40,25,0,10,2013,670
40,25,10,3,2014,72730
40,25,10,5,2011,35450
40,25,10,7,2014,770
40,25,10,10,2013,100
40,25,20,1,2011,21419.8717592593
40,25,20,3,2014,84920
40,25,20,5,2011,31860
40,25,20,7,2014,960
40,25,30,3,2014,39350
40,25,30,7,2014,290
40,25,30,10,2013,140
40,25,50,1,2011,15058.2126851852
40,25,50,3,2014,16520
40,25,50,5,2011,7390
40,25,50,7,2014,1780
40,25,50,10,2013,190
40,25,75,1,2011,13135.8324074074
40,25,75,3,2014,15700
40,25,75,5,2011,15740
40,25,75,7,2014,580
40,25,75,10,2013,530
40,25,100,1,2011,10980.6442592593
40,25,100,5,2011,48550
40,25,150,1,2011,6100
40,25,150,5,2011,9060
40,25,200,1,2011,1350
40,25,215,5,2011,1800
41,-21,10,3,2004,5400
41,-21,50,3,2004,24000
41,-21,100,3,2004,15600
41,-21,125,3,2004,3600
41,-21,150,3,2004,7800
41,-21,200,3,2004,3600
41,-17,5,9,2018,2190.7
41,-17,20,9,2018,1651.2
41,-17,50,9,2018,6656.5
41,-17,55,9,2018,2218.8
41,-17,150,9,2018,92.2
41,-11,0,7,1985,11700
41,2,0,2,1990,3050
41,2,5,6,1996,9881.25
41,2,10,2,1990,3192.30769230769
41,2,15,2,1990,4500
41,2,20,2,1990,3458.33333333333
41,2,20,3,1985,2444
41,2,20,6,1996,22440
41,2,30,2,1990,5458.33333333333
41,2,40,2,1990,4791.66666666667
41,2,40,3,1985,2304
41,2,40,6,1996,21802.5
41,2,50,2,1990,1400
41,2,50,6,1996,13770
41,2,60,2,1990,2500
41,2,60,3,1985,1165.5
41,2,70,2,1990,3000
41,2,70,3,1985,1172
41,2,70,6,1996,12240
41,2,80,2,1990,3800
41,2,80,3,1985,3476
41,2,90,2,1990,1714.28571428571
41,2,100,2,1990,1250
41,2,100,3,1985,1179
41,2,100,6,1996,1632
41,2,120,2,1990,2687.5
41,2,150,2,1990,750
41,2,150,3,1985,2372
41,2,200,2,1990,1916.66666666667
41,2,200,3,1985,1159
41,3,5,6,1996,6438.75
41,3,5,7,1996,3060
41,3,5,9,1996,19890
41,3,10,9,1996,8160
41,3,15,9,1996,11220
41,3,20,9,1996,10965
41,3,30,9,1996,13464
41,3,40,6,1996,15937.5
41,3,40,7,1996,9690
41,3,40,9,1996,10710
41,3,45,9,1996,17850
41,3,50,9,1996,9690
41,3,55,9,1996,28050
41,3,60,9,1996,14535
41,3,65,9,1996,30600
41,3,70,6,1996,7076.25
41,3,70,7,1996,12240
41,3,70,9,1996,1530
41,3,75,9,1996,14790
41,3,90,9,1996,765
41,3,100,6,1996,4930
41,3,100,7,1996,510
41,3,100,9,1996,1530
41,3,160,9,1996,1530
41,12,5,6,2016,19200
41,12,25,6,2016,2720
41,12,50,6,2016,2880
41,12,75,6,2016,6720
41,13,5,2,2013,27208.677815
41,13,5,2,2014,31591.25625625
41,13,5,6,2012,4610.64285714286
41,13,5,6,2013,22050.1273142308
41,13,5,10,2012,113895.061889375
41,13,5,10,2014,97316.6667684616
41,13,15,2,2013,26938.13635
41,13,15,2,2014,17907
41,13,15,6,2013,15253.384003
41,13,15,10,2012,77164.1361863636
41,13,15,10,2014,38129.0438042857
41,13,20,6,2012,3279.875
41,13,20,6,2013,3638.86142428571
41,13,30,2,2013,26724.84961
41,13,30,2,2014,13192
41,13,30,6,2013,15452
41,13,30,10,2012,33678.2298166667
41,13,30,10,2014,23652.814455
41,13,35,6,2013,1472
41,13,40,6,2012,2794.33333333333
41,13,40,6,2013,3455.495115
41,17,5,4,2011,10894
41,17,25,4,2011,7896
42,-21,5,9,1995,1510
42,-21,10,3,2004,15000
42,-21,50,3,2004,15000
42,-21,60,9,1995,25720
42,-21,100,3,2004,13800
42,-21,125,3,2004,9000
42,-21,150,3,2004,4800
42,-21,200,3,2004,600
42,-20,0,9,1997,35555.5
42,-20,5,9,1996,16643
42,-20,40,9,1996,10591
42,-20,40,9,1997,6808.5
42,-16,5,9,2018,4989.6
42,-16,20,9,2018,6190.8
42,-16,50,9,2018,12181.8
42,-16,60,9,2018,5742.8
42,-16,150,9,2018,217.1
42,10,5,6,2016,791.011235955056
42,10,25,6,2016,3227.35042735043
42,10,50,6,2016,9600
42,10,75,6,2016,25182.6086956522
42,10,100,6,2016,13777.7777777778
42,11,5,6,2016,5696
42,11,25,6,2016,2152.72727272727
42,11,50,6,2016,8843.63636363636
42,11,75,6,2016,24064
42,11,100,6,2016,1723.07692307692
42,11,150,6,2016,554.666666666667
42,11,200,6,2016,440
42,15,0,4,2016,11379.0375611641
42,15,0,12,2015,8387.89816894796
42,15,20,12,2015,11904.063531411
42,15,25,4,2016,20351.5483039444
42,15,30,12,2015,12648.0675021242
42,15,50,4,2016,26040.1389749615
42,15,65,12,2015,19344.1032385428
42,15,75,4,2016,6026.03571305884
42,15,100,4,2016,1009.71967453932
42,15,100,12,2015,10618.6482205074
42,16,0,4,2016,16432.7157027887
42,16,0,12,2015,21747.8083746931
42,16,20,4,2016,13123.6774674872
42,16,20,12,2015,22320.1191213955
42,16,25,4,2016,21479.8682304464
42,16,40,4,2016,17919
42,16,40,12,2015,19344.1032385428
42,16,50,4,2016,15927.9723307612
42,16,50,12,2015,39432.2104477989
42,16,75,4,2016,18352.0979442586
42,16,80,4,2016,24800.1323571062
42,16,80,12,2015,9954.98270672573
42,16,90,4,2016,5799.41556658483
42,16,90,12,2015,21328.1138271113
42,16,105,12,2015,23808.127062822
42,16,120,4,2016,1823.27454330358
42,16,120,12,2015,12277.8120049617
43,-156,0,8,1969,11060
43,-20,25,5,1997,8321.5
43,8,5,6,2016,243.809523809524
43,8,25,6,2016,2173.58490566038
43,8,50,6,2016,2560
43,8,75,6,2016,1622.53521126761
43,8,100,6,2016,539.759036144578
43,8,150,6,2016,256
43,8,200,6,2016,128
43,9,5,6,2016,3751.88405797101
43,9,25,6,2016,3907.70247933884
43,9,50,6,2016,5656.51630811936
43,9,75,6,2016,11843.6781609195
43,9,100,6,2016,5672.72727272727
43,9,150,6,2016,1531.1004784689
43,9,200,6,2016,640
43,15,0,2,2013,9569.75
43,15,0,4,2016,25468.1030124025
43,15,0,7,2013,1117.6
43,15,0,12,2015,6663
43,15,5,2,2013,137664
43,15,5,7,2013,2222
43,15,10,2,2013,66919.4
43,15,10,7,2013,1102.66666666667
43,15,15,7,2013,6832.5
43,15,20,2,2013,70488.5
43,15,20,4,2016,26526.9563878973
43,15,20,7,2013,9629
43,15,20,12,2015,13392.0714728374
43,15,25,2,2013,18725.5
43,15,25,7,2013,402
43,15,30,2,2013,10525
43,15,30,7,2013,11279.5
43,15,35,2,2013,20768.5
43,15,40,2,2013,21342
43,15,40,7,2013,1361.33333333333
43,15,45,2,2013,11347
43,15,45,7,2013,2205
43,15,50,7,2013,661
43,15,50,12,2015,24552.1310335351
43,15,60,2,2013,18369.5
43,15,60,4,2016,14681.9425379087
43,15,60,7,2013,2068
43,15,70,2,2013,12334
43,15,75,4,2016,2524.29918634831
43,15,75,12,2015,22816
43,15,90,2,2013,22931
43,15,90,4,2016,2464.75161579855
43,15,90,7,2013,1543
43,15,90,12,2015,11408
44,-155,0,8,1969,63360
44,-155,10,8,1969,39130
44,-125,5,5,2001,22695
44,-125,5,6,2001,191646.666666667
44,-125,5,7,2001,219385
44,-125,5,9,2001,15130
44,-21,10,3,2004,38300
44,-21,50,3,2004,46100
44,-21,100,3,2004,54500
44,-21,150,3,2004,61100
44,-21,200,3,2004,10200
44,-20,5,10,2005,4690
44,-14,5,9,2018,5312.7
44,-14,20,9,2018,4273.3
44,-14,40,9,2018,11155.8
44,-14,50,9,2018,2116.4
44,-14,150,9,2018,25.2
44,-9,0,7,1985,90470
44,9,5,6,2016,2737.77777777778
44,9,25,6,2016,2229.21348314607
44,9,50,6,2016,3680
44,9,75,6,2016,8970.94017094017
44,9,100,6,2016,1213.79310344828
44,9,150,6,2016,528.440366972477
44,9,200,6,2016,192
45,-155,0,8,1969,57264
45,-155,10,8,1969,39130
45,-155,20,8,1969,56400
45,-155,30,8,1969,70455
45,-155,50,8,1969,49470
45,-155,75,8,1969,3402
45,-155,100,8,1969,81
45,-155,125,8,1969,25
45,-155,150,8,1969,61
45,13,0,1,2012,266481
45,13,0,2,2012,50684
45,13,0,2,2013,40516
45,13,0,3,2012,2801
45,13,0,4,2012,54853
45,13,0,5,2012,1223
45,13,0,6,2011,494
45,13,0,6,2012,913
45,13,0,7,2012,558
45,13,0,8,2012,611
45,13,0,9,2012,4638
45,13,0,9,2013,15819
45,13,0,10,2011,11133
45,13,0,10,2012,30543
45,13,0,11,2011,36373
45,13,0,11,2012,12981
45,13,0,12,2011,50344
45,13,5,1,2009,95960
45,13,5,1,2012,140978
45,13,5,2,2009,84000
45,13,5,2,2012,59052
45,13,5,3,2009,16670
45,13,5,3,2012,3183
45,13,5,4,2009,23270
45,13,5,4,2012,48814.5
45,13,5,5,2009,12030
45,13,5,5,2012,828
45,13,5,6,2009,15410
45,13,5,6,2011,1381
45,13,5,6,2012,6659
45,13,5,7,2009,18690
45,13,5,7,2012,389
45,13,5,8,2008,77120
45,13,5,8,2009,20062.5
45,13,5,8,2012,410
45,13,5,9,2009,55116.6666666667
45,13,5,9,2011,4630
45,13,5,9,2012,6720
45,13,5,9,2013,19659
45,13,5,10,2009,82520
45,13,5,10,2011,22822
45,13,5,10,2012,10582
45,13,5,11,2011,21422.6666666667
45,13,5,11,2012,8479
45,13,5,12,2008,88350
45,13,5,12,2011,59792
45,13,10,1,2012,205288
45,13,10,2,2012,65172
45,13,10,2,2013,153095
45,13,10,3,2012,5976
45,13,10,4,2012,52230
45,13,10,6,2011,1099
45,13,10,6,2012,11309
45,13,10,7,2012,212
45,13,10,8,2012,205
45,13,10,9,2009,43050
45,13,10,9,2011,15548
45,13,10,9,2012,11849
45,13,10,10,2009,71530
45,13,10,10,2011,50637
45,13,10,10,2012,38814
45,13,10,11,2011,30296
45,13,10,11,2012,11077
45,13,10,12,2011,58826
45,13,15,2,2012,60939
45,13,15,2,2013,136366
45,13,15,3,2012,7176
45,13,15,4,2012,20301.5
45,13,15,5,2012,1822
45,13,15,6,2011,967
45,13,15,6,2012,10075
45,13,15,7,2012,2614
45,13,15,8,2012,875
45,13,15,9,2011,349662
45,13,15,9,2012,29125
45,13,15,9,2013,20559
45,13,15,10,2011,48455
45,13,15,10,2012,46452
45,13,15,11,2011,23981.6666666667
45,13,15,11,2012,7173
45,13,15,12,2011,47642
45,13,20,5,2009,80470
46,-155,0,8,1969,151200
46,-20,10,3,2004,67700
46,-20,50,3,2004,67100
46,-20,100,3,2004,61100
46,-20,150,3,2004,64100
46,-20,200,3,2004,40700
46,-15,5,5,1996,393380
46,-15,20,5,1996,162650
46,-13,5,9,2018,5362.2
46,-13,10,9,2018,5309.3
46,-13,20,9,2018,5976
46,-13,70,9,2018,2406.9
46,-13,150,9,2018,167
46,-8,0,7,1985,77000
47,-155,0,8,1969,126100
47,-21,15,5,1997,388841
47,-20,5,9,1995,22700
47,-20,50,9,1995,19670
47,-19,0,9,1997,26477.5
47,-19,5,9,1996,284444
47,-19,40,9,1996,118014
47,-19,50,9,1997,17399.5
47,-15,5,9,1995,21180
47,-15,40,9,1995,55980
47,-14,0,9,1997,17399.5
47,-14,5,6,2003,883
47,-14,15,6,2003,1633
47,-14,35,6,2003,1248
47,-14,40,9,1997,34042.5
47,-14,55,6,2003,1106
47,-11,5,9,2018,57689.4
47,-11,20,9,2018,56738.5
47,-11,30,9,2018,2878.2
47,-11,50,9,2018,30588.1
47,-11,150,9,2018,365.7
47,-7,0,7,1985,27537
48,-155,0,8,1969,136600
48,-14,5,5,1997,124822.5
48,-14,20,5,1997,205768
48,-10,5,9,1995,22700
48,-10,50,9,1995,27230
48,-9,5,5,1996,95320
48,-9,5,9,2018,54865.5
48,-9,10,9,2018,49553.7
48,-9,20,9,2018,41682.2
48,-9,30,5,1996,95320
48,-9,60,9,2018,26847.8
48,-9,100,9,2018,1191.2
48,-6,0,7,1985,14973
49,-156,0,8,1969,130000
49,-156,5,8,1969,130000
49,-156,10,8,1969,150000
49,-156,20,8,1969,110000
49,-156,30,8,1969,13000
49,-156,50,8,1969,6700
49,-156,75,8,1969,6700
49,-156,100,8,1969,178
49,-156,125,8,1969,323
49,-156,150,8,1969,167
49,-155,0,8,1969,157600
49,-6,5,9,2018,30246.1
49,-6,10,9,2018,43742.5
49,-6,20,9,2018,31396.4
49,-6,60,9,2018,5924.7
49,-6,80,9,2018,8583.3
50,-5,5,1,1993,3000
50,-5,5,1,1994,14121.3333333333
50,-5,5,1,1997,13238.75
50,-5,5,1,1998,4539
50,-5,5,1,1999,3026
50,-5,5,1,2000,2268
50,-5,5,2,1993,7128.20512820513
50,-5,5,2,1994,3035
50,-5,5,2,1996,750
50,-5,5,2,1997,6052
50,-5,5,2,1998,14373.5
50,-5,5,2,1999,3026
50,-5,5,2,2000,22190.6666666667
50,-5,5,2,2001,22695
50,-5,5,3,1993,15384.6153846154
50,-5,5,3,1994,10961.25
50,-5,5,3,1996,15130
50,-5,5,3,1997,34042.5
50,-5,5,3,1998,12481.5
50,-5,5,3,1999,50937.6666666667
50,-5,5,3,2000,42364
50,-5,5,4,1993,19615.3846153846
50,-5,5,4,1994,25216.3333333333
50,-5,5,4,1996,768225
50,-5,5,4,1997,114080.2
50,-5,5,4,1998,6052
50,-5,5,4,1999,10212.75
50,-5,5,4,2000,19164.6666666667
50,-5,5,5,1993,9384.61538461538
50,-5,5,5,1996,110255
50,-5,5,5,1997,15130
50,-5,5,5,1998,4530
50,-5,5,5,1999,3026
50,-5,5,5,2000,65563.3333333333
50,-5,5,6,1993,5025.64102564103
50,-5,5,6,1994,6052
50,-5,5,6,1996,1510
50,-5,5,6,1997,35807.6666666667
50,-5,5,6,1998,18156
50,-5,5,6,1999,1513
50,-5,5,6,2000,42868.3333333333
50,-5,5,6,2001,34730
50,-5,5,7,1993,52115.3846153847
50,-5,5,7,1994,3026
50,-5,5,7,1995,6040
50,-5,5,7,1996,10967.75
50,-5,5,7,1998,4034.66666666667
50,-5,5,7,1999,752861
50,-5,5,7,2000,38203.25
50,-5,5,7,2001,708534
50,-5,5,8,1993,5884.61538461539
50,-5,5,8,1994,15736.4
50,-5,5,8,1995,7550
50,-5,5,8,1996,11341.5
50,-5,5,8,1997,151300
50,-5,5,8,1998,90023.5
50,-5,5,8,1999,67056.875
50,-5,5,8,2001,42283
50,-5,5,9,1993,24230.7692307692
50,-5,5,9,1994,107802.5
50,-5,5,9,1995,20385
50,-5,5,9,1996,9094.33333333333
50,-5,5,9,1997,152056.5
50,-5,5,9,1998,175160
50,-5,5,9,1999,173616.75
50,-5,5,9,2000,59763.5
50,-5,5,9,2001,11850.8333333333
50,-5,5,10,1992,43846.1538461539
50,-5,5,10,1993,9025.64102564102
50,-5,5,10,1995,30846
50,-5,5,10,1996,39338
50,-5,5,10,1997,59763.5
50,-5,5,10,1998,136170
50,-5,5,10,1999,59931.6666666667
50,-5,5,10,2000,65815.5
50,-5,5,10,2001,12102.5
50,-5,5,11,1992,13692.3076923077
50,-5,5,11,1993,34793.5
50,-5,5,11,1995,3780
50,-5,5,11,1996,51820.25
50,-5,5,11,1997,15130
50,-5,5,11,1998,23073.25
50,-5,5,11,1999,31319.1
50,-5,5,11,2000,7565
50,-5,5,12,1992,3000
50,-5,5,12,1993,1140
50,-5,5,12,1996,12104
50,-5,5,12,1997,3784.5
50,-5,5,12,1998,22190.6666666667
50,-5,5,12,1999,12104
50,4,10,1,1993,3000
50,4,10,1,1994,14121.3333333333
50,4,10,1,1997,14373.5
50,4,10,1,1998,4539
50,4,10,1,1999,3026
50,4,10,1,2000,2268
50,4,10,1,2002,105910
50,4,10,1,2003,12110
50,4,10,1,2004,2269.5
50,4,10,1,2005,1760.20512833333
50,4,10,1,2006,9801.23076966667
50,4,10,1,2007,9801.23077066667
50,4,10,1,2008,13068.30769
50,4,10,2,1993,7128.205129
50,4,10,2,1994,3035
50,4,10,2,1996,750
50,4,10,2,1998,19669
50,4,10,2,1999,3026
50,4,10,2,2000,22190.6666666667
50,4,10,2,2001,22695
50,4,10,2,2002,2269.5
50,4,10,2,2003,9090
50,4,10,2,2004,7060.66666666667
50,4,10,2,2005,3267.076923
50,4,10,2,2006,13240.25911
50,4,10,2,2007,8984.461539
50,4,10,3,1993,15384.61538
50,4,10,3,1994,10961.25
50,4,10,3,1996,15130
50,4,10,3,1997,32529.5
50,4,10,3,1998,5673
50,4,10,3,1999,50937.6666666667
50,4,10,3,2000,42364
50,4,10,3,2002,2647.75
50,4,10,3,2003,22725
50,4,10,3,2004,39842.3333333333
50,4,10,3,2005,15446.54751225
50,4,10,3,2006,16335.384614
50,4,10,3,2007,15518.615384
50,4,10,3,2008,8712.20512966667
50,4,10,4,1993,19615.3846155
50,4,10,4,1994,25216.3333333333
50,4,10,4,1996,768225
50,4,10,4,1997,132765.75
50,4,10,4,1998,7565
50,4,10,4,1999,10212.75
50,4,10,4,2000,19164.6666666667
50,4,10,4,2002,5106.375
50,4,10,4,2003,4545
50,4,10,4,2004,114988
50,4,10,4,2005,9256.71794833333
50,4,10,4,2006,15518.61538475
50,4,10,4,2007,23232.5470075
50,4,10,4,2008,189490.4615315
50,4,10,5,1993,7256.410258
50,4,10,5,1996,110255
50,4,10,5,1997,13617
50,4,10,5,1998,4530
50,4,10,5,1999,3026
50,4,10,5,2000,65563.3333333333
50,4,10,5,2002,7375.875
50,4,10,5,2003,16634
50,4,10,5,2004,65059
50,4,10,5,2005,75959.53847325
50,4,10,5,2006,16335.38461375
50,4,10,5,2007,13068.3076945
50,4,10,5,2008,683635.846123
50,4,10,6,1993,6038.4615385
50,4,10,6,1994,6052
50,4,10,6,1996,1510
50,4,10,6,1997,43877
50,4,10,6,1998,13112.6666666667
50,4,10,6,1999,1513
50,4,10,6,2000,42868.3333333333
50,4,10,6,2001,34730
50,4,10,6,2003,165522.2
50,4,10,6,2004,50685.5
50,4,10,6,2005,92294.9230575
50,4,10,6,2006,229784.410256667
50,4,10,6,2007,26136.6153845
50,4,10,6,2008,7350.92307675
50,4,10,7,1993,52115.3846175
50,4,10,7,1994,3026
50,4,10,7,1995,6040
50,4,10,7,1996,10967.75
50,4,10,7,1998,19669
50,4,10,7,1999,752861
50,4,10,7,2000,38203.25
50,4,10,7,2001,708534
50,4,10,7,2002,101371
50,4,10,7,2003,68841.5
50,4,10,7,2004,54972.3333333333
50,4,10,7,2005,32670.76923
50,4,10,7,2006,26136.615385
50,4,10,7,2007,10890.2564086667
50,4,10,8,1993,5884.61538475
50,4,10,8,1994,15736.4
50,4,10,8,1995,7550
50,4,10,8,1996,11341.5
50,4,10,8,1997,225437
50,4,10,8,1998,149787
50,4,10,8,1999,108416.1
50,4,10,8,2001,42283
50,4,10,8,2002,32151.25
50,4,10,8,2003,145626.25
50,4,10,8,2004,20576.8
50,4,10,8,2005,24503.07692
50,4,10,8,2006,262182.9230575
50,4,10,8,2007,152463.589723333
50,4,10,9,1993,24230.76923
50,4,10,9,1994,107802.5
50,4,10,9,1995,20385
50,4,10,9,1996,9094.33333333333
50,4,10,9,1997,82155.9
50,4,10,9,1998,119411
50,4,10,9,1999,140204.666666667
50,4,10,9,2000,59763.5
50,4,10,9,2001,11850.8333333333
50,4,10,9,2002,15886.5
50,4,10,9,2003,225046.2
50,4,10,9,2004,60015.6666666667
50,4,10,9,2005,6534.153846
50,4,10,9,2006,44650.0512766667
50,4,10,9,2007,39204.9230733333
50,4,10,10,1992,20540.598291
50,4,10,10,1993,9025.64102566667
50,4,10,10,1995,30846
50,4,10,10,1996,39338
50,4,10,10,1997,21182
50,4,10,10,1998,118014
50,4,10,10,1999,59931.6666666667
50,4,10,10,2000,65815.5
50,4,10,10,2001,12102.5
50,4,10,10,2003,16648.3333333333
50,4,10,10,2004,25721
50,4,10,10,2005,16879.8974353333
50,4,10,10,2006,42472.000002
50,4,10,10,2007,44922.3076925
50,4,10,11,1992,4769.2307695
50,4,10,11,1993,34793.5
50,4,10,11,1995,3780
50,4,10,11,1996,51820.25
50,4,10,11,1997,9080
50,4,10,11,1998,22997.6
50,4,10,11,1999,31319.1
50,4,10,11,2000,7565
50,4,10,11,2001,48380
50,4,10,11,2002,13553.3333333333
50,4,10,11,2003,10062.3333333333
50,4,10,11,2004,24208
50,4,10,11,2005,11843.15384525
50,4,10,11,2006,114347.6923
50,4,10,11,2007,20691.4871783333
50,4,10,12,1992,3000
50,4,10,12,1993,1140
50,4,10,12,1996,10023.625
50,4,10,12,1997,4539
50,4,10,12,1998,21938.5
50,4,10,12,1999,12104
50,4,10,12,2001,45390
50,4,10,12,2004,15634.3333333333
50,4,10,12,2005,9801.230769
50,4,10,12,2006,4900.6153845
50,4,10,12,2007,6534.153846
51,129,0,11,1968,16800
52,-21,10,8,1991,105900
52,-20,5,5,1992,11700
52,2,5,7,2008,55378.5
53,-21,0,8,1991,231600
53,0,5,4,1995,41859.6666666667
53,2,5,7,2008,211741.333333333
54,-22,5,5,1992,395300
54,-22,10,5,1992,266500
54,-20,25,8,1991,105000
54,2,0,7,2008,181860
54,2,5,7,2008,638147.666666667
55,2,5,7,2008,344330
56,2,5,7,2008,180027.333333333
57,2,5,7,2008,34732
58,-21,0,6,1996,128605
58,-21,10,6,1996,104397
58,-21,20,6,1996,113475
58,-21,30,6,1996,113475
58,-21,40,6,1996,93806
58,-21,50,6,1996,81702
58,-1,10,6,2012,31700
58,3,0,7,2008,41039
59,-21,0,6,1996,76406.5
59,-21,5,5,1992,8300
59,-21,5,6,1996,139196
59,-21,10,6,1996,101371
59,-21,20,6,1996,98960.5
59,-21,30,6,1996,85862.75
59,-21,40,6,1996,79756.7142857143
59,-21,50,6,1996,60520
59,-19,10,6,2012,76200
59,-15,15,8,1991,1310500
59,-12,20,6,2012,64100
59,3,5,7,2008,348878
60,-19,20,6,2012,91200
60,-7,10,6,2012,21200
60,-5,0,5,1993,1700
60,3,5,7,2008,185654.333333333
61,3,5,7,2008,12223
61,4,5,7,2008,32904
62,-15,0,7,1992,352500
62,4,5,7,2008,39401
63,-11,0,8,1992,24400
63,-6,0,8,1993,3500
63,0,10,12,1990,78700
63,5,5,7,2008,29032.5
64,-2,15,6,1990,154600
64,3,10,2,1991,3900
64,5,5,7,2008,11935
64,6,5,7,2008,10919
65,-11,25,6,2012,1900
65,-5,0,6,1990,30200
65,-4,0,8,1993,50900
65,-4,10,9,1992,95400
65,6,5,7,2008,12228
66,-9,10,6,1990,15300
66,4,10,3,1992,302300
66,7,0,8,1988,13500
66,7,0,9,1987,300
66,7,5,7,2008,1380
67,-11,10,6,1990,100
67,2,10,5,1992,506300
67,3,0,7,1991,118300
67,5,0,8,1987,300
67,5,0,8,1988,6800
67,5,10,4,1992,411400
67,7,0,6,1995,3200
67,8,0,5,1995,29300
67,8,5,7,2008,1462
67,9,0,3,1995,2100
68,0,0,4,1991,3400
68,0,10,6,1992,99500
68,5,20,8,1988,4400
68,9,0,7,2008,86301
68,9,5,7,2008,20198
69,-13,0,9,1988,60000
69,0,0,5,1991,4100
69,0,20,5,1991,9200
69,0,25,2,1991,1700
69,0,30,7,1992,6900
69,3,20,10,1994,87900
69,9,0,9,2014,19690
69,10,0,9,2014,99540
69,10,5,7,2008,16751
69,13,0,8,2014,15750
69,13,25,8,2014,24000
69,13,50,8,2014,5250
69,13,70,8,2014,750
69,13,200,8,2014,2250
70,-17,0,9,1988,53200
70,-13,0,9,1988,27600
70,-11,0,9,1988,157700
70,-6,10,6,1990,50300
70,-6,20,9,1988,3700
70,5,10,10,1992,1000
70,10,0,9,2014,128740
70,11,0,9,2014,35520
70,11,5,7,2008,44458.5
70,13,0,8,2014,56596.6666666667
70,13,20,8,2014,88993.3333333333
70,13,50,8,2014,1875
70,13,70,8,2014,3000
70,13,205,8,2014,1800
70,15,0,8,2014,64030
70,17,10,2,1988,200
71,-15,0,9,1988,139000
71,-9,20,10,1988,113000
71,-4,0,11,1988,400
71,9,0,8,2014,38570
71,12,0,9,2014,7870
71,12,5,7,2008,118435
71,13,0,8,2014,47250
71,13,20,8,2014,15000
71,13,100,8,2014,3750
71,13,200,8,2014,750
71,14,0,8,2014,70870
71,14,20,8,2014,71990
71,14,50,8,2014,9750
71,14,70,8,2014,5250
71,14,100,8,2014,3000
71,14,200,8,2014,1500
71,15,0,8,2014,39370
71,16,0,5,2014,78740
71,16,0,8,2014,52250
71,17,0,2,1988,600
71,17,0,8,2014,152980
71,17,20,6,2012,2800
71,21,5,10,1991,36000
72,-14,10,11,1988,5400
72,-4,20,11,1988,1100
72,11,0,8,2014,12935
72,11,10,12,1992,97100
72,13,0,8,2014,12370
72,13,0,9,2014,35020
72,13,5,7,2008,182438
72,14,0,8,2014,25971.1111111111
72,14,20,8,2014,7250
72,14,50,8,2014,1250
72,14,70,8,2014,3250
72,14,100,8,2014,1500
72,14,200,8,2014,1750
72,15,0,8,2014,39370
72,16,0,8,2014,12375
72,17,0,8,2014,9000
72,17,10,3,1988,3300
72,18,0,8,2014,34305
72,25,20,6,2012,20800
73,11,0,8,2014,1120
73,13,0,9,2014,3370
73,14,0,8,2014,12375
73,14,5,7,2008,89220
73,14,20,8,2014,13500
73,14,50,8,2014,3750
73,14,70,8,2014,1125
73,14,100,8,2014,1500
73,14,200,8,2014,4500
73,15,5,7,2008,113896
73,19,0,8,2014,61116.6666666667
73,21,10,6,1992,100600
74,10,0,7,1988,1000
74,11,0,8,2014,1120
74,12,0,6,1988,500
74,13,0,5,1991,52100
74,13,0,9,2014,2810
74,13,15,7,1991,15000
74,14,0,5,1991,23600
74,14,0,8,2014,17496.6666666667
74,14,0,12,1993,1500
74,14,15,7,1991,1200
74,14,20,8,2014,52743.3333333333
74,14,50,8,2014,61495
74,14,70,8,2014,2500
74,14,100,8,2014,1125
74,14,200,8,2014,3750
74,15,0,6,1988,1300
74,16,5,7,2008,40947
74,17,0,8,2014,2149780
74,18,0,8,2014,16310
74,21,20,6,1992,36600
74,27,0,11,1991,2992800
75,6,10,6,1992,66300
75,9,10,6,1992,49200
75,12,0,5,1991,39300
75,12,20,5,1991,42400
75,12,25,7,1991,8600
75,13,25,7,1991,11000
75,14,0,8,2014,1685
75,14,20,8,2014,4500
75,14,50,8,2014,1500
75,14,70,8,2014,3750
75,14,100,8,2014,1500
75,14,200,8,2014,3375
75,16,0,8,2014,15745
75,16,5,7,2008,55837
75,17,0,8,2014,4358930
76,8,10,6,1992,44200
76,12,20,6,2012,33100
76,14,0,8,2014,1120
76,14,50,8,2014,750
76,14,100,8,2014,4500
76,14,200,8,2014,7500
76,16,0,8,2014,1120
76,16,10,4,1988,7400
76,18,5,7,2008,3287
76,19,5,7,2008,197518
77,-5,20,6,2012,69500
77,-2,10,6,2012,19700
77,6,20,6,1992,24300
78,-7,15,6,2012,25200
78,-6,15,6,2012,1900
78,-1,10,6,2012,17000
78,7,15,6,2012,424500
79,8,0,8,2008,1061
80,19,0,8,2008,926
