lat,lon,depth,time,Gephyrocapsa huxleyi HET,temperature,no3,o2,PAR
46,-20,10,3,67700.0,12.429631119344483,5.119592712824791,262.12792531804075,25.748709005670136
46,-15,5,5,393380.0,13.253195216801128,2.0322246879926413,275.79290512081775,62.08624023322299
46,-15,20,5,162650.0,13.082162043658386,2.4357738703574925,272.54408375717435,14.744643003998496
46,-13,5,9,5362.2,18.098489572352953,0.21763278209804948,240.52927680266785,49.82520361809175
46,-13,10,9,5309.3,18.081760817984105,0.2922658085542948,239.67711060425742,34.4610561585381
46,-13,20,9,5976.0,17.95871379913701,0.3038368418150849,239.57278798937736,16.570049368128156
46,-8,0,7,77000.0,17.707912618944093,0.31372675121425875,242.2143020978283,114.46086965715261
47,-21,15,5,388841.0,13.17075720156891,3.8699149511679263,272.5299737445377,20.492573165719048
47,-20,5,9,22700.0,17.70447967187959,0.025772411515446986,242.37089846249742,43.91217379236203
47,-19,0,9,26477.5,17.7119126920775,0.31931987998528255,241.90363051761926,65.70441645857514
47,-19,5,9,284444.0,17.67910785958649,0.03667808978721528,242.48486560933245,44.18330408867476
47,-15,5,9,21180.0,17.632418975270248,0.11138462688827075,242.53767868032998,45.37598873005745
47,-14,0,9,17399.5,17.686315563685337,0.2342469412381853,242.6073777267393,68.5853905564528
47,-14,5,6,883.0,15.12705884555149,0.6127642976134222,262.3308912608932,68.22588217229539
47,-14,15,6,1633.0,14.819767307079738,0.8854886758172507,263.9605451263477,27.034271854368686
47,-11,5,9,57689.4,17.647430852818093,0.3979192899786219,245.1638428131048,48.57107356195079
47,-11,20,9,56738.5,17.514070726990294,0.5691658011784088,242.39316576886964,15.175017621384775
47,-7,0,7,27537.0,17.319169567914575,0.31466157187033855,244.9440971749329,113.7208803157324
48,-14,5,5,124822.5,12.671589252487594,3.543877826995642,276.67982470386244,62.02539346835546
48,-14,20,5,205768.0,12.508417332666806,3.927441562542813,274.27799396364907,15.701178769716345
48,-10,5,9,22700.0,17.126748200838815,0.5038678720463371,249.73760387697894,46.16592934066384
48,-9,5,5,95320.0,12.573490179283588,3.251762089067069,274.82272252706923,58.03772036081606
48,-9,5,9,54865.5,17.06639285568246,0.6030034881042736,250.2994947832346,45.904262354292506
48,-9,10,9,49553.7,17.03511489277853,0.7384729912287576,249.33163143833352,29.809567395062075
48,-9,20,9,41682.2,16.87992511183527,0.918528969234123,248.1223864824165,12.700288880448028
48,-6,0,7,14973.0,16.68397123935588,0.2610702790772063,251.0059951964043,113.42415369576435
49,-6,5,9,30246.1,15.946070265114578,1.0844198287515607,255.90585224063454,39.808270643609944
49,-6,10,9,43742.5,15.845452230914894,1.2882063138720794,256.91239746664996,22.92945980208064
49,-6,20,9,31396.4,15.433018836543319,1.7130893117601487,256.29608895525337,7.856679504748939
50,-5,5,1,3000.0,10.433146872246834,7.239772400997522,270.3013260213122,8.965666707387198
50,-5,5,1,14121.3333333333,10.433146872246834,7.239772400997522,270.3013260213122,8.965666707387198
50,-5,5,1,13238.75,10.433146872246834,7.239772400997522,270.3013260213122,8.965666707387198
50,-5,5,1,4539.0,10.433146872246834,7.239772400997522,270.3013260213122,8.965666707387198
50,-5,5,1,3026.0,10.433146872246834,7.239772400997522,270.3013260213122,8.965666707387198
50,-5,5,1,2268.0,10.433146872246834,7.239772400997522,270.3013260213122,8.965666707387198
50,-5,5,2,7128.20512820513,9.803512233148048,7.179853518779926,275.51944184394523,16.69951522382226
50,-5,5,2,3035.0,9.803512233148048,7.179853518779926,275.51944184394523,16.69951522382226
50,-5,5,2,750.0,9.803512233148048,7.179853518779926,275.51944184394523,16.69951522382226
50,-5,5,2,6052.0,9.803512233148048,7.179853518779926,275.51944184394523,16.69951522382226
50,-5,5,2,14373.5,9.803512233148048,7.179853518779926,275.51944184394523,16.69951522382226
50,-5,5,2,3026.0,9.803512233148048,7.179853518779926,275.51944184394523,16.69951522382226
50,-5,5,2,22190.6666666667,9.803512233148048,7.179853518779926,275.51944184394523,16.69951522382226
50,-5,5,2,22695.0,9.803512233148048,7.179853518779926,275.51944184394523,16.69951522382226
50,-5,5,3,15384.6153846154,9.429420265194326,6.442533294818675,283.11503772495035,29.25720111301021
50,-5,5,3,10961.25,9.429420265194326,6.442533294818675,283.11503772495035,29.25720111301021
50,-5,5,3,15130.0,9.429420265194326,6.442533294818675,283.11503772495035,29.25720111301021
50,-5,5,3,34042.5,9.429420265194326,6.442533294818675,283.11503772495035,29.25720111301021
50,-5,5,3,12481.5,9.429420265194326,6.442533294818675,283.11503772495035,29.25720111301021
50,-5,5,3,50937.6666666667,9.429420265194326,6.442533294818675,283.11503772495035,29.25720111301021
50,-5,5,3,42364.0,9.429420265194326,6.442533294818675,283.11503772495035,29.25720111301021
50,-5,5,4,19615.3846153846,9.637850014899719,8.523791542724249,297.6278062198978,44.690023889015286
50,-5,5,4,25216.3333333333,9.637850014899719,8.523791542724249,297.6278062198978,44.690023889015286
50,-5,5,4,768225.0,9.637850014899719,8.523791542724249,297.6278062198978,44.690023889015286
50,-5,5,4,114080.2,9.637850014899719,8.523791542724249,297.6278062198978,44.690023889015286
50,-5,5,4,6052.0,9.637850014899719,8.523791542724249,297.6278062198978,44.690023889015286
50,-5,5,4,10212.75,9.637850014899719,8.523791542724249,297.6278062198978,44.690023889015286
50,-5,5,4,19164.6666666667,9.637850014899719,8.523791542724249,297.6278062198978,44.690023889015286
50,-5,5,5,9384.61538461538,11.242272204973673,3.2909825955845826,284.17326259591107,54.603437525267665
50,-5,5,5,110255.0,11.242272204973673,3.2909825955845826,284.17326259591107,54.603437525267665
50,-5,5,5,15130.0,11.242272204973673,3.2909825955845826,284.17326259591107,54.603437525267665
50,-5,5,5,4530.0,11.242272204973673,3.2909825955845826,284.17326259591107,54.603437525267665
50,-5,5,5,3026.0,11.242272204973673,3.2909825955845826,284.17326259591107,54.603437525267665
50,-5,5,5,65563.3333333333,11.242272204973673,3.2909825955845826,284.17326259591107,54.603437525267665
50,-5,5,6,5025.64102564103,13.410857013590858,0.7913490551490061,283.3890552987495,63.36158425509073
50,-5,5,6,6052.0,13.410857013590858,0.7913490551490061,283.3890552987495,63.36158425509073
50,-5,5,6,1510.0,13.410857013590858,0.7913490551490061,283.3890552987495,63.36158425509073
50,-5,5,6,35807.6666666667,13.410857013590858,0.7913490551490061,283.3890552987495,63.36158425509073
50,-5,5,6,18156.0,13.410857013590858,0.7913490551490061,283.3890552987495,63.36158425509073
50,-5,5,6,1513.0,13.410857013590858,0.7913490551490061,283.3890552987495,63.36158425509073
50,-5,5,6,42868.3333333333,13.410857013590858,0.7913490551490061,283.3890552987495,63.36158425509073
50,-5,5,6,34730.0,13.410857013590858,0.7913490551490061,283.3890552987495,63.36158425509073
50,-5,5,7,52115.3846153847,15.630435750385109,0.403570534197791,259.8485853999444,58.24544760262505
50,-5,5,7,3026.0,15.630435750385109,0.403570534197791,259.8485853999444,58.24544760262505
50,-5,5,7,6040.0,15.630435750385109,0.403570534197791,259.8485853999444,58.24544760262505
50,-5,5,7,10967.75,15.630435750385109,0.403570534197791,259.8485853999444,58.24544760262505
50,-5,5,7,4034.66666666667,15.630435750385109,0.403570534197791,259.8485853999444,58.24544760262505
50,-5,5,7,752861.0,15.630435750385109,0.403570534197791,259.8485853999444,58.24544760262505
50,-5,5,7,38203.25,15.630435750385109,0.403570534197791,259.8485853999444,58.24544760262505
50,-5,5,7,708534.0,15.630435750385109,0.403570534197791,259.8485853999444,58.24544760262505
50,-5,5,8,5884.61538461539,16.09670458926516,0.29505954892829817,253.49609045711517,48.70371581387951
50,-5,5,8,15736.4,16.09670458926516,0.29505954892829817,253.49609045711517,48.70371581387951
50,-5,5,8,7550.0,16.09670458926516,0.29505954892829817,253.49609045711517,48.70371581387951
50,-5,5,8,11341.5,16.09670458926516,0.29505954892829817,253.49609045711517,48.70371581387951
50,-5,5,8,151300.0,16.09670458926516,0.29505954892829817,253.49609045711517,48.70371581387951
50,-5,5,8,90023.5,16.09670458926516,0.29505954892829817,253.49609045711517,48.70371581387951
50,-5,5,8,67056.875,16.09670458926516,0.29505954892829817,253.49609045711517,48.70371581387951
50,-5,5,8,42283.0,16.09670458926516,0.29505954892829817,253.49609045711517,48.70371581387951
50,-5,5,9,24230.7692307692,15.605522104243493,1.1222976313401776,256.5179696247274,33.49832136513596
50,-5,5,9,107802.5,15.605522104243493,1.1222976313401776,256.5179696247274,33.49832136513596
50,-5,5,9,20385.0,15.605522104243493,1.1222976313401776,256.5179696247274,33.49832136513596
50,-5,5,9,9094.33333333333,15.605522104243493,1.1222976313401776,256.5179696247274,33.49832136513596
50,-5,5,9,152056.5,15.605522104243493,1.1222976313401776,256.5179696247274,33.49832136513596
50,-5,5,9,175160.0,15.605522104243493,1.1222976313401776,256.5179696247274,33.49832136513596
50,-5,5,9,173616.75,15.605522104243493,1.1222976313401776,256.5179696247274,33.49832136513596
50,-5,5,9,59763.5,15.605522104243493,1.1222976313401776,256.5179696247274,33.49832136513596
50,-5,5,9,11850.8333333333,15.605522104243493,1.1222976313401776,256.5179696247274,33.49832136513596
50,-5,5,10,43846.1538461539,14.279717578628947,5.113428335534678,248.42329162754578,20.428318720860133
50,-5,5,10,9025.64102564102,14.279717578628947,5.113428335534678,248.42329162754578,20.428318720860133
50,-5,5,10,30846.0,14.279717578628947,5.113428335534678,248.42329162754578,20.428318720860133
50,-5,5,10,39338.0,14.279717578628947,5.113428335534678,248.42329162754578,20.428318720860133
50,-5,5,10,59763.5,14.279717578628947,5.113428335534678,248.42329162754578,20.428318720860133
50,-5,5,10,136170.0,14.279717578628947,5.113428335534678,248.42329162754578,20.428318720860133
50,-5,5,10,59931.6666666667,14.279717578628947,5.113428335534678,248.42329162754578,20.428318720860133
50,-5,5,10,65815.5,14.279717578628947,5.113428335534678,248.42329162754578,20.428318720860133
50,-5,5,10,12102.5,14.279717578628947,5.113428335534678,248.42329162754578,20.428318720860133
50,-5,5,11,13692.3076923077,12.772007149835158,5.0507673207589985,257.9013818932686,11.3359725356926
50,-5,5,11,34793.5,12.772007149835158,5.0507673207589985,257.9013818932686,11.3359725356926
50,-5,5,11,3780.0,12.772007149835158,5.0507673207589985,257.9013818932686,11.3359725356926
50,-5,5,11,51820.25,12.772007149835158,5.0507673207589985,257.9013818932686,11.3359725356926
50,-5,5,11,15130.0,12.772007149835158,5.0507673207589985,257.9013818932686,11.3359725356926
50,-5,5,11,23073.25,12.772007149835158,5.0507673207589985,257.9013818932686,11.3359725356926
50,-5,5,11,31319.1,12.772007149835158,5.0507673207589985,257.9013818932686,11.3359725356926
50,-5,5,11,7565.0,12.772007149835158,5.0507673207589985,257.9013818932686,11.3359725356926
50,-5,5,12,3000.0,11.84934356266436,10.006437052337391,263.8376424559405,7.427957278759741
50,-5,5,12,1140.0,11.84934356266436,10.006437052337391,263.8376424559405,7.427957278759741
50,-5,5,12,12104.0,11.84934356266436,10.006437052337391,263.8376424559405,7.427957278759741
50,-5,5,12,3784.5,11.84934356266436,10.006437052337391,263.8376424559405,7.427957278759741
50,-5,5,12,22190.6666666667,11.84934356266436,10.006437052337391,263.8376424559405,7.427957278759741
50,-5,5,12,12104.0,11.84934356266436,10.006437052337391,263.8376424559405,7.427957278759741
52,-21,10,8,105900.0,15.202290580826144,0.420650229048754,256.54621730001037,28.339734690194796
52,-20,5,5,11700.0,11.379945880382705,4.744776999575158,282.5136275242451,57.14524813600515
53,-21,0,8,231600.0,14.878414582822732,0.12555224507704385,257.88746603656534,74.77811791705302
54,-22,5,5,395300.0,10.539580977583901,5.7438201972336085,283.3941960660706,55.46217463434086
54,-22,10,5,266500.0,10.517087504993768,5.737347177318539,282.6977285463394,34.85918441724928
54,-20,25,8,105000.0,14.252240712542553,2.0392691302730643,257.94926949792983,6.111236060600682
58,-21,0,6,128605.0,10.697233504045816,6.051983512635293,284.7964138562022,89.72839283747065
58,-21,10,6,104397.0,10.623303482323651,5.153445505061584,286.52997007642296,32.89917026435527
58,-21,20,6,113475.0,10.465652639095937,5.54434462520176,285.09648103344995,12.596533049145753
58,-1,10,6,31700.0,10.7750423569252,0.17221546465562662,299.58956211433724,31.40464224431104
59,-21,0,6,76406.5,10.459401565774137,6.241170743169351,288.6390282641257,91.02008831198155
59,-21,5,5,8300.0,9.313881445888592,8.226262601962137,289.32204245044676,50.53904456444683
59,-21,5,6,139196.0,10.431084838301173,5.3041205636955215,290.7145616930187,53.85221686571773
59,-21,10,6,101371.0,10.370926933539968,5.487677166953889,290.2112717655781,32.23051505619321
59,-21,20,6,98960.5,10.179689499472937,5.9638181171760385,288.35909615995666,11.889955655190509
59,-19,10,6,76200.0,10.544804980531104,5.327230529016003,287.5130337130335,33.009747372132075
59,-15,15,8,1310500.0,12.78009611026614,2.123314468784518,265.43443170277845,16.692387459595324
59,-12,20,6,64100.0,10.746323268423504,5.397833600229438,284.08918906677593,11.980177412461027
60,-19,20,6,91200.0,10.102977300615471,6.005547524158783,288.9848838401811,10.88031229217527
60,-7,10,6,21200.0,10.399233105516133,4.8230015895082055,291.21901365731094,28.89896626511708
60,-5,0,5,1700.0,8.95419721537405,7.306514006926125,297.0000256759624,87.88567643514327
62,-15,0,7,352500.0,11.368489671628852,3.087756700502578,286.15597384602466,80.76740560972497
63,-11,0,8,24400.0,10.684296657452693,2.2524218035157193,287.6915995518279,62.193848848985894
63,-6,0,8,3500.0,10.573876493595401,1.5695397812415128,288.14564009654674,62.59179639048078
63,0,10,12,78700.0,7.733452357370879,11.1564304855382,290.91235279266465,0.5902010994266734
64,-2,15,6,154600.0,8.356892981896529,4.56534303430926,317.1549975697882,15.164647272314678
65,-11,25,6,1900.0,4.835151484858876,5.075049378765746,345.28825593243397,5.046239891041945
65,-5,0,6,30200.0,7.122218280742146,3.6083392273647426,330.42116317034305,85.55724331769228
65,-4,0,8,50900.0,10.344562493614466,0.9604614565653664,287.7707828292889,57.18525357116989
65,-4,10,9,95400.0,9.60533590876279,1.9893615931060253,286.3791806950176,11.65526039453074
66,-9,10,6,15300.0,4.9714888537575055,3.8830440163386952,346.8773704848282,29.541073844675623
67,-11,10,6,100.0,3.5680367639114534,3.513770004091079,360.00851449763104,29.605578682765238
68,0,0,4,3400.0,4.9757712034740145,11.727295025866216,308.3538449151632,47.29837403545185
68,0,10,6,99500.0,7.540704669856548,4.918006682355768,317.48220073179266,27.818286193898786
69,-13,0,9,60000.0,5.307753256489849,1.258055854484269,322.16155923707265,26.404704541095125
69,0,0,5,4100.0,5.4343828669940075,9.80829284304443,318.8822123959318,69.05661303563063
69,0,20,5,9200.0,5.252082180878592,9.918131396144624,317.3355912938628,11.943324944315776
69,0,25,2,1700.0,4.711895435831839,10.693886852207815,305.06661728951406,0.722924701858667
70,-17,0,9,53200.0,3.19637581533865,1.4381674560816413,339.3885768543948,25.675379659748046
70,-13,0,9,27600.0,4.685052575294636,1.0080156117575387,327.90935402937635,24.71831094573051
70,-11,0,9,157700.0,5.266107889879329,1.0100523365817355,322.2517489484311,24.68203782762069
70,-6,10,6,50300.0,3.7580221504475926,4.97854215342819,346.9348475056663,27.124444795881043
70,-6,20,9,3700.0,6.626795926035892,1.9648646395500788,305.1036477030506,4.453150925355947
59,-50,25,4,0.0,2.516063315878603,11.88132332431621,329.30238212423336,7.7671953220585666
67,-27,20,4,0.0,1.9271768510414828,10.239708033102168,320.99276447083497,9.77505626864375
58,-6,25,6,0.0,,,,
47,-11,20,7,0.0,16.33379034020849,0.33282041198334744,253.6357947026798,21.926870699109518
54,-14,10,1,0.0,10.371561004894735,9.615668175608059,262.35840210985236,5.168064375392577
54,-14,20,3,0.0,10.166575913818926,10.299378766494444,267.43887763137957,10.261237985626535
62,-4,10,4,0.0,7.585380632693114,12.385675091819465,292.4068014342498,27.39772862545827
65,-3,0,4,0.0,5.034192445355579,12.324363008323035,315.4044249860993,55.446630120186924
53,-12,25,8,0.0,14.755723728984862,5.0596571410596045,250.78129262719196,10.068249665450924
52,-51,5,11,0.0,3.167069153694068,5.123606883553703,330.74350442767025,9.073985588495473
52,-8,15,1,0.0,9.806009292660747,8.689827911555767,270.1604003896937,2.3093563007988758
47,-51,10,12,0.0,2.1625514010276614,1.1499993794119816,320.7245866529034,5.46567376675145
51,-21,10,5,0.0,11.59382866263699,4.773691041957153,281.42651606644915,36.331360981798646
59,-23,10,6,0.0,10.10183852707266,5.852772454088636,293.4356934089741,32.30105197658598
69,-23,15,5,0.0,0.30901292785195267,7.187810762421143,365.3593142773215,12.468059125032191
66,-46,25,7,0.0,,,,
57,-33,20,2,0.0,6.3059877716003365,10.274976338892444,290.8472983382017,4.207019430052216
50,-56,5,11,0.0,,,,
47,-38,10,4,0.0,12.776572023053888,2.5207786033733117,269.0809788994668,31.95351090814579
61,-10,20,5,0.0,9.019952478804472,10.234715504933497,288.9800158818994,12.26292677285723
58,-30,10,11,0.0,8.415454513397542,8.732400242801125,277.37634295335914,4.275619416683548
47,-3,20,12,0.0,12.936599731459864,4.950234657153487,246.7003021165874,1.5343813045306138
52,-30,0,4,0.0,9.199319112247869,10.490468958764822,286.34157071673576,68.5594680966708
67,-10,5,11,0.0,3.448556544147003,8.089378295002135,318.4473157117944,1.2633125311744031
47,-50,10,12,0.0,2.6879734850885573,1.4435072002402956,320.117904975032,5.465822085248772
68,-52,5,4,0.0,,,,
46,-45,15,1,0.0,7.58331906618696,4.448096367417776,286.70105588331904,4.533422805150799
49,-48,0,5,0.0,3.129773358632885,3.499514981819294,358.89328398104806,91.07258814934686
50,-58,20,4,0.0,-0.1943114585970754,0.07068105099251809,385.82792305294123,5.615942661857905
50,-45,0,5,0.0,6.586054003454274,6.441763103046352,317.4266025133952,84.35717621035855
52,-21,25,7,0.0,13.769875140879547,2.6731680431914193,262.04306753479216,8.356660319473114
60,-11,20,12,0.0,9.196150030321983,9.32332134727645,269.38170467602816,0.5956321640574778
61,-6,15,2,0.0,7.911678543835707,10.955408055164604,280.5577110958707,4.303606442957936
60,-1,25,1,0.0,8.072549819713457,7.062866214662789,280.32809448405163,0.4906809375935421
61,-50,25,6,0.0,2.3818856540101816,4.000140022379389,349.9146508240929,6.4189075074455495
58,-32,10,11,0.0,7.855726657235183,9.26180861767532,281.3722188439637,4.300810179929563
68,-49,15,11,0.0,,,,
68,-40,15,1,0.0,,,,
57,-47,10,3,0.0,3.537446315425834,14.358123354020588,311.2817459448348,16.78995924017553
64,-12,15,1,0.0,5.577106160180946,13.259288652057789,279.6977439207587,0.6566974968243082
45,-12,20,3,0.0,12.296761236827269,6.29635575793528,263.29982699801127,11.031416834942585
48,-19,0,10,0.0,15.783272298929342,0.6063123649661342,248.63087547546112,38.91572765885832
57,-51,10,12,0.0,3.398483362460185,5.814478457551398,311.5166619537655,2.238306425123512
62,-20,20,2,0.0,7.732475109311488,12.791468070714485,279.69375222632254,2.861485934230213
51,-57,20,7,0.0,,,,
68,-21,10,5,0.0,1.9993434082021806,6.034785432640977,368.9069791938157,23.617798131209828
56,-29,25,10,0.0,10.368790777077308,6.1293283296062215,271.5111975173577,3.26688149525936
50,-21,0,8,0.0,16.26372134184822,0.05578279555864133,249.4605921480215,82.04275139626415
66,-41,25,12,0.0,,,,
47,-16,10,10,0.0,16.282256439896383,0.11327665866211137,241.64428372106946,18.217579793891648
65,-41,0,3,0.0,,,,
59,-23,0,3,0.0,8.197693425831966,12.750046956097435,282.97255780445084,33.13665641559243
54,-38,5,4,0.0,5.7454545533449375,12.63886352227909,305.7075466055566,42.65274135584607
67,-15,5,10,0.0,4.043517855160343,5.9735482754052835,324.8552843155956,6.41234788964222
58,-23,10,2,0.0,8.626092127909873,12.322015987984733,273.4956794963913,7.819604880126948
65,-46,15,1,0.0,,,,
52,-37,15,6,0.0,9.49647413100428,5.660407295886339,295.9906380649739,17.55357144953973
46,-14,15,1,0.0,12.497585516669075,6.244190415286014,254.37238303864459,6.970535830941152
52,-49,5,4,0.0,2.8093374051918043,8.053416032750308,329.71915422366504,40.724535418258185
46,-29,0,9,0.0,18.40586122522613,0.7616119426294239,238.11355779815992,69.31419731237429
53,-2,0,11,0.0,,,,
58,-55,5,3,0.0,2.7776453007136492,15.230466566855998,306.43030290222885,21.1039009688787
61,-36,15,4,0.0,4.974979557760407,13.259695578776832,302.9038409910583,18.444155798561518
47,-34,0,11,0.0,14.237450435449661,3.7685998154544005,254.43761780754744,22.576354729318346
56,-17,20,10,0.0,12.198881481051076,4.167988739533319,262.59177133826614,4.945245999913103
70,-42,25,1,0.0,,,,
49,-7,0,11,0.0,13.104076784147487,4.33625258392838,252.7213303812144,20.672287585127403
57,-39,25,10,0.0,7.72184509014374,8.72361228289446,288.22526603127216,2.9484744199375568
67,-28,5,9,0.0,2.582104930143775,2.1478861493609718,342.8394088724759,17.75141328672617
48,-37,15,2,0.0,11.80083747387712,4.781480884637928,266.4267418410081,9.447225976348008
57,-29,5,12,0.0,8.20258340264997,9.354068756406676,281.2349514660368,3.403460909843557
69,-31,25,8,0.0,,,,
56,-11,10,5,0.0,10.67621275056463,3.694421785597067,284.1899895474667,31.06294336024023
54,-2,15,10,0.0,,,,
65,-12,0,6,0.0,5.788034543075682,3.524689055086468,345.6486328255235,89.46654319088347
59,-53,15,7,0.0,6.14776844088829,2.84090396756292,316.7870434063238,13.163055761086255
69,-50,20,12,0.0,,,,
61,-31,5,6,0.0,8.328465270242871,7.376768993014079,310.2244107979833,53.17887005318668
69,-25,20,12,0.0,0.7502000033855438,9.924886703491211,341.8433990486664,0.04130104649263771
56,-31,0,9,0.0,11.437341228915727,4.296420749134074,278.32831491624444,44.740213952862206
67,-11,15,3,0.0,0.8342099638861306,11.522239683479079,344.6260775253029,7.1287417359899
70,-6,5,7,0.0,6.4048702972642255,1.7243527693350937,328.91301184857025,41.197162090515086
61,-51,0,2,0.0,1.189234508819351,11.154967242951354,335.11208400985294,11.080200969988251
55,-27,15,8,0.0,13.001480753895386,2.2782969587424526,268.3962951979882,14.102964577605542
57,-55,0,2,0.0,1.811663036445974,12.575059384886053,314.5387641511535,13.39122745252058
52,-23,5,5,0.0,10.99054808043009,4.982895380237735,283.693596868688,55.67762391240927
64,-34,5,5,0.0,5.438536613051575,11.89143555802336,302.573322832072,47.889354045777246
47,-38,15,7,0.0,16.34230480645744,0.24334455422067622,253.28119763589896,26.67813263562492
66,-20,15,5,0.0,4.464895009645261,5.413275957107544,365.7319945991039,10.297797367974185
57,-3,0,5,0.0,,,,
50,-37,15,8,0.0,14.668247921911204,0.8447560270613071,264.6143478154272,21.248986929724076
54,-22,10,8,0.0,14.312095513095711,0.6746499075038437,261.74575420007125,26.55466317633071
60,-53,15,2,0.0,2.189094785133793,12.87463009091715,312.3547593254663,4.363939236308609
55,-42,20,10,0.0,8.35363888200419,6.564372209671757,285.8482270527474,4.821132779910549
68,-18,0,5,0.0,1.8501315747260079,4.2024623393914675,375.28911814637445,69.95325319048798
58,-36,5,8,0.0,10.002255070089367,4.895962083640557,291.0600185616466,37.59109458426917
70,-11,0,7,0.0,4.914225383402369,1.5735735289885846,344.36615162967536,67.04902499237238
65,-15,25,7,0.0,,,,
66,-30,25,2,0.0,4.099351783879682,14.042045229969167,299.3737425802447,1.0337482964743276
49,-22,15,5,0.0,12.354318368731287,4.606474005587695,276.4899387923138,21.290991292742774
63,-10,20,8,0.0,10.328648906199566,2.8412600238032177,287.14001992047196,6.158950032315915
64,-32,5,8,0.0,8.79320590199116,4.140328721804424,296.8528834018757,32.7331079400587
63,-8,5,5,0.0,7.498810425700354,10.175998610971252,306.26570241799624,50.33134230555432
70,-59,10,4,0.0,,,,
49,-30,0,12,0.0,12.206629689140096,4.21490752027794,260.64386537444096,13.027500663989251
45,-40,5,6,0.0,15.708784660332396,0.15963491607943944,255.42454631616548,61.34917741740794
70,-56,0,9,0.0,4.367357315829964,0.21448092494843882,329.67741253340745,31.29754503355417
68,-23,5,12,0.0,2.529007372493818,10.070309383399433,336.4328264436466,0.23101736328871453
61,-24,5,2,0.0,7.618088321806924,13.26948776961377,279.49398482134706,8.813075196768542
58,-40,20,1,0.0,4.252276889054834,12.888672632010396,302.1322214247205,1.5775047717357704
49,-53,5,11,0.0,2.0439777857796932,0.7233951123097986,337.5323717277268,10.765834106373928
54,-12,15,5,0.0,11.191332505617313,3.2281552107352605,278.3403951871697,18.092151354156766
55,-58,10,7,0.0,3.427210062742238,0.14312434173189292,368.26853939890856,31.601624694142956
60,-7,0,6,0.0,10.51608909642021,4.249142068816101,294.7561636777229,94.28573658288552
60,-24,10,11,0.0,9.108908436074428,10.02116950121068,269.50199716307645,3.4348408065369527
53,-13,15,5,0.0,11.403681337136467,3.826580154384297,278.0267695236726,18.26018936650465
50,-60,0,10,0.0,8.109699964523314,2.9559671878814715,278.4213256835937,39.1392249098133
61,-49,5,11,0.0,2.143485458877207,4.022735119664621,335.5268336934896,3.830870678237552
57,-7,20,8,0.0,13.637062953901209,0.6169035935147765,253.39044915874257,6.1386800404556645
56,-38,5,7,0.0,8.659456947498951,5.9404283413728445,304.97984694335463,46.503623451796756
63,-14,5,6,0.0,9.1250967125001,5.365167982261132,304.66709824325994,51.906014517712556
56,-15,20,10,0.0,12.247742843310624,3.9053072672666342,261.673814291544,4.8549463375650115
53,-41,10,2,0.0,6.165333736898467,11.493762272647267,287.3840900584019,10.02394666748848
45,-56,25,5,0.0,3.8607970159190037,0.21325744452435316,339.66826617045785,8.22740786485854
65,-2,0,9,0.0,10.139378358979496,2.0241305040864805,283.2189254844905,32.6455858775456
68,0,25,3,0.0,4.935326395567717,11.820873554831252,308.58204248461186,3.4958555942240195
62,-57,10,8,0.0,6.4608113203070365,0.5049872985311308,316.4552880096204,23.04572239005037
62,-1,15,7,0.0,11.357664613954588,3.205639553526859,287.9591351048617,13.80659449991024
50,-5,25,7,0.0,13.40599456841787,1.3172993577216165,260.19966990176346,5.970062258402408
46,-4,20,7,0.0,16.73305631192661,0.8903174743962005,244.13345309893,21.9783519299203
46,-47,20,3,0.0,3.5112465625801703,3.242814298419783,330.8134984696607,7.21886436114518
57,-1,10,2,0.0,6.835624248559358,7.815977181376399,296.6040581456088,5.742178604338753
56,-45,10,5,0.0,4.342526378571587,10.307020438963072,323.80217713004777,29.62376720529888
56,-33,10,10,0.0,9.328347667004394,8.148127449831499,276.36197210520703,10.940662324815296
56,-27,15,5,0.0,8.832146047324251,8.61240402411944,295.5797985790474,19.115281600966263
67,-44,15,8,0.0,,,,
59,-24,25,12,0.0,8.829732038481652,11.271207044460375,272.07352713348223,0.5280084808394488
49,-23,15,11,0.0,13.34809643769947,4.728731373084651,257.88691841325715,6.209996840621253
67,-26,0,6,0.0,3.253182610980276,3.493312621876476,362.4163792197257,89.04912242682448
47,-36,5,1,0.0,13.006985236958382,4.218280013374546,254.71539176106936,12.286810135634425
55,-39,25,5,0.0,5.76125359507881,12.623198590481136,312.2743878835893,7.660819680029441
61,-38,15,5,0.0,5.029989773047835,10.388210560273269,313.4507982777756,20.12606582038155
68,-60,15,6,0.0,-0.5118543828362385,1.3924457309790985,384.59772833409716,16.814304683577383
57,-5,10,6,0.0,,,,
55,-6,25,6,0.0,,,,
52,-53,25,4,0.0,-0.2673050088585839,2.8932483930423603,361.29433051744286,3.598500861446927
56,-11,0,12,0.0,10.29553821804403,8.74130446685996,265.20761569075887,5.988525510746395
52,-29,20,9,0.0,13.791090739453725,1.2405763238068752,263.2253812014969,7.668809600102474
49,-46,20,3,0.0,3.6375911561524727,5.080168467633027,326.77435192928823,8.451977002914958
46,-10,0,5,0.0,13.464276710369369,2.21032062604737,269.13040323116786,107.28216114949824
63,-30,20,8,0.0,9.868455731986577,5.143291026474285,284.0765622564487,7.001296230277151
46,-37,20,3,0.0,13.20000666097743,2.9844649614502203,255.85015896630313,12.206259024134997
54,-36,20,5,0.0,6.784650481542714,11.9268121221113,312.5174818646463,11.54719494304733
65,-55,15,7,0.0,3.5576592649776386,0.8337094302787146,348.394660548302,16.631478635158025
70,-23,25,1,0.0,,,,
60,-17,10,1,0.0,8.857916505317426,13.023373006262306,273.005819215551,2.234402547189387
47,-48,5,10,0.0,8.742681935208394,0.4708237247774781,289.91108931421917,23.713475930398715
61,-30,15,9,0.0,9.988366960795224,6.1389878209535125,276.6221296196108,9.163360547212873
49,-51,10,11,0.0,3.133267497041328,2.0861227851778383,329.8911643191889,6.5766846749063195
53,-3,0,4,0.0,,,,
67,-12,25,10,0.0,4.896310859818968,6.1516841550239025,313.5800348887171,1.036751341438295
49,-45,0,1,0.0,5.730870940431068,7.1746520548993455,300.1420934415773,12.534715047527575
