lat,lon,depth,time,Primary_Production,temperature,no3,o2,PAR
46.0,-8.0,0.0,6,1535.14,15.722020516377851,0.411714556570999,258.3680349403156,116.84533008213651
46.0,-8.0,5.0,6,1620.71,15.604325604322145,0.32847705489350637,260.2402028355343,76.8375304563608
46.0,-8.0,15.0,6,1548.27,15.241374857323247,0.4347225945636931,260.1407988429733,33.73443855563767
46.0,-8.0,20.0,6,1236.9899999999998,14.940076014538501,0.613081722510101,259.9088176875703,22.52098681028733
48.0,-10.0,0.0,4,6891.24,11.501021443439596,6.695167682743116,275.0404037004219,83.61174942360765
48.0,-10.0,0.0,7,1458.3266666666666,16.65624423095137,0.4872293256839484,253.33086254149634,108.92309967650347
48.0,-10.0,0.0,11,1115.2,13.788958334711234,2.773529725396443,250.41884224027058,22.199532626589956
48.0,-10.0,5.0,4,5998.41,11.46812374359739,6.214282700502394,275.04863958581876,49.81969996076413
48.0,-10.0,5.0,7,1880.7066666666667,16.523612677152492,0.543568449561915,254.37479797498463,70.59095596228201
48.0,-10.0,5.0,11,935.13,13.75033276026548,2.334412985304635,251.27024845466883,14.9895332264258
48.0,-10.0,10.0,4,5355.59,11.436371646648311,6.17595296554851,275.17290473790695,30.339808429421996
48.0,-10.0,10.0,7,1045.81,16.415589855544358,0.11592115418843245,254.93327587243007,45.9776029723064
48.0,-10.0,15.0,4,12337.29,11.38972728653077,6.165808060689037,274.24719499644743,18.80477307970833
48.0,-10.0,15.0,7,238.53666666666666,16.20985506076344,0.30463859055114006,255.0064633048845,30.090959870422765
48.0,-10.0,15.0,11,540.575,13.750353851446338,2.8734883574282306,252.96319809412194,6.86989966120857
48.0,-10.0,20.0,4,1688.105,11.354985326971052,6.581645074984342,273.7627144667258,11.825428217029172
48.0,-10.0,20.0,7,48.95,15.907567606712986,0.4729999580055771,255.246209625076,19.786248024714148
48.0,-10.0,25.0,11,250.48000000000002,13.753021355623842,2.8418156605335856,252.18138108582366,3.169610698693457
48.0,-9.0,5.0,4,15193.235,11.343129355426157,5.602460403836737,275.917578810114,49.48017264179091
48.0,-9.0,10.0,4,10692.24,11.311326700933908,5.557403582571083,275.6172922953801,29.76193631532898
48.0,-9.0,15.0,4,7031.0,11.258362933437212,5.558809417091812,274.46784730286686,18.26716333121387
48.0,-9.0,20.0,4,1877.08,11.221080271287533,6.1532202898274795,273.6802733184802,11.395850573921667
48.0,-9.0,25.0,4,437.17,11.184283616804654,5.927609219712596,274.30626141773377,7.20519309062179
48.0,-8.0,0.0,6,4268.18,14.752314438682253,0.6163461572140245,268.20475859377575,115.64728092683266
48.0,-8.0,10.0,6,4185.43,14.473466621057636,0.4097277164921459,268.92749055296815,39.22727462040422
48.0,-8.0,20.0,6,2885.63,13.906637680027648,1.0002121144915443,266.349363770659,14.055793281624178
49.0,-17.0,0.0,5,456.0,12.530821653936359,4.841528082721314,276.8550366155347,97.9243591773582
49.0,-17.0,5.0,5,796.0,12.501884777255285,3.3981254919737394,278.3468281579301,60.53636177109876
49.0,-17.0,10.0,5,694.0,12.464604531684973,3.749783857960692,276.3796559383686,37.903210930930136
49.0,-9.0,0.0,4,15155.15,10.929378074529605,7.342128725006301,282.38386039115875,83.46371034228481
49.0,-9.0,0.0,7,1033.33,16.326089239275948,0.7595335446682083,256.84148245117643,108.2912690872623
49.0,-9.0,0.0,11,1543.39,13.183878581463516,3.6772943724575717,254.1984907913097,20.79847561466697
49.0,-9.0,5.0,4,12898.547777777778,10.889230832144099,6.3066078444109746,283.0573310103364,44.99013938083956
49.0,-9.0,5.0,7,896.588,16.189740175143182,0.5505947339587601,255.6747011968466,72.69643703375269
49.0,-9.0,5.0,11,1451.0600000000002,13.1573949560201,2.9865630360266433,255.92935818371967,13.798570461626221
49.0,-9.0,10.0,4,12980.470000000001,10.85922502573743,6.228270733746145,282.65318008186046,25.141965658073044
49.0,-9.0,10.0,7,1076.545,16.047515971610544,0.13593902553471812,256.38823840871265,48.93540555277916
49.0,-9.0,10.0,11,1205.24,13.157869496163649,3.5542809774803055,257.15849764619,9.180521488220746
49.0,-9.0,15.0,4,5967.153333333333,10.800257650327724,6.157565136403351,280.85142557988604,14.428648746482525
49.0,-9.0,15.0,7,983.01,15.805092505832556,0.32707566412766476,256.54933670937714,33.02672963933582
49.0,-9.0,15.0,11,999.4275,13.154429768611564,3.593499833415523,257.8724456309267,6.124351626398878
49.0,-9.0,20.0,4,1530.315,10.75231349641602,6.762806206496,279.2886150277211,8.455236810210954
49.0,-9.0,20.0,7,499.29,15.44199204213777,0.5370918150948345,257.84900901197955,22.345541794294963
49.0,-9.0,20.0,11,134.95,13.15702680002674,3.564785756498794,257.48458856258486,4.095918203698541
49.0,-9.0,25.0,4,451.45,10.709254449604142,6.2993091128594285,280.44837363361313,5.041159521968818
49.0,-9.0,25.0,7,847.28,14.90733997353969,0.9834713735966958,257.72674055749627,15.155058271517952
49.0,-9.0,25.0,11,317.84749999999997,13.15859816655818,3.5510909267226953,257.00082708022,2.7459175114508914
50.0,-7.0,0.0,4,14032.87,10.007780476997889,8.74545978156229,292.68575288254846,84.77361282564478
50.0,-7.0,10.0,4,12788.54,9.930470918280047,6.616208177362966,293.0086778716425,23.675679043254192
50.0,-7.0,15.0,4,5634.13,9.855175495549505,6.505140039930108,290.2732095939678,12.96787785968645
50.0,-5.0,0.0,6,1621.13,13.590208379395099,1.187316445098097,280.8417846795605,111.95286431988319
50.0,-5.0,5.0,6,1708.7350000000001,13.410857013590858,0.7913490551490061,283.3890552987495,63.36158425509073
50.0,-5.0,10.0,6,1956.28,13.17860666023058,0.5534731698681418,281.40573857638884,36.40267144732785
50.0,-5.0,15.0,6,1136.78,12.87086907893493,0.8440792261909331,277.72704188592,21.17259757411794
50.0,-5.0,20.0,6,677.38,12.450029264607492,1.299748120510471,269.62322186380715,12.447438051183791
51.0,-6.0,5.0,6,1641.87,12.983985273478668,0.7329788503555118,281.7218077737431,66.10988278049388
51.0,-6.0,10.0,6,2567.27,12.740059087729295,0.14092431084536153,279.89702855471285,38.66837505340899
51.0,-6.0,15.0,6,2351.33,12.478732056032122,0.2471483126992759,279.3594593270815,22.8237444141024
51.0,-6.0,20.0,6,805.335,12.14006130414732,0.6003304779935135,271.66595236850776,13.581942149855706
52.0,-12.0,0.0,6,2001.09,13.392084496341532,1.8185041747242197,271.25004381395155,105.42189700693507
52.0,-12.0,10.0,6,1912.01,13.215736827406255,1.9659098114789908,270.64778357511125,37.31864978568425
52.0,-12.0,15.0,6,1661.39,13.043161292921573,2.2893499902704924,269.5390123018935,22.76513447298509
52.0,-12.0,20.0,6,1459.12,12.856489707871733,2.629246896409781,269.40783317541207,14.082648364483335
56.0,-27.0,15.0,5,2158.98,8.832146047324251,8.61240402411944,295.5797985790474,19.115281600966263
56.0,-27.0,20.0,5,688.03,8.766282914410011,8.836397250380424,294.3137704588435,11.850348941346272
56.0,-27.0,25.0,5,314.12,8.703394626332551,9.180935198831376,293.04761760290035,7.398463962804421
56.0,-8.0,5.0,6,3886.3599999999997,11.992895657495566,1.2680704349899625,285.6092848338924,53.15363306515102
56.0,-8.0,10.0,6,2974.08,11.856699595538993,1.89176938628692,284.61973549336517,28.49878304916029
56.0,-8.0,15.0,6,1868.11,11.65688727200617,1.9978632162179577,282.8661262529966,15.533735877391086
56.0,-8.0,25.0,6,486.35,11.206091016749578,2.7989926002642354,278.81063458448085,4.808538986491844
57.0,-29.0,15.0,6,2546.18,9.362389951924506,6.124200496219675,293.3737252846438,19.093514521558983
57.0,-29.0,20.0,6,668.24,9.247887684205784,6.596440455882645,292.8928447165315,11.626513425600017
57.0,-29.0,25.0,6,319.62,9.086959008939104,6.869265542391651,293.18671257517263,7.130626188040203
57.0,-27.0,15.0,6,2372.1566666666668,9.8534575832407,5.786058255155081,290.0257296548101,19.45770031737889
57.0,-27.0,20.0,6,1181.62,9.750224728022095,6.174169632334056,289.2409595351461,11.858040912795914
57.0,-27.0,25.0,6,372.0,9.614900325445978,6.307919593772064,289.72020482401246,7.282969428195768
57.0,-16.0,5.0,6,4122.42,11.325216737244455,4.942385983345042,281.3579576659171,56.17941785228399
58.0,-35.0,5.0,7,2580.0,8.936694466460144,5.171209321658357,299.9439452756582,46.37207934046372
58.0,-25.0,10.0,6,4160.2733333333335,10.019749831592206,5.712855525069501,292.2774546779105,32.33525661556694
58.0,-25.0,20.0,6,1791.28,9.838762276397139,6.307893250061894,289.695766492642,12.11510916398666
58.0,-25.0,25.0,6,470.52,9.729364446433554,6.35820104632278,289.1409594206691,7.519684144950982
58.0,-22.0,0.0,8,775.0,12.970137256733173,1.428457202485316,273.2490884213417,67.44618826936211
58.0,-22.0,5.0,8,745.0,12.937855214143077,1.3102231358741308,272.48564438729517,40.68495494044408
58.0,-22.0,15.0,8,560.0,12.833685235340193,2.0228840677620035,267.1812104766647,15.385227317679654
58.0,-22.0,25.0,8,560.0,12.653952546497774,3.4048815798705045,265.67776793381734,6.07443523243781
58.0,-15.0,0.0,7,850.0,12.577470390812953,3.3713934035279287,273.562697717638,85.41520891122495
58.0,-1.0,5.0,6,7527.83,10.918637585488392,0.20450720616529633,299.7527231667371,56.08502254594035
59.0,-42.0,0.0,7,2030.0,6.701921372142984,6.924689530453532,311.2888801518554,76.73857519893423
59.0,-36.0,5.0,7,2340.0,8.706000391033413,6.047326511034527,301.2988241051396,47.6581096364087
59.0,-25.0,10.0,5,2046.706666666667,8.669866614007455,10.91877709124963,293.98142782983376,30.483267157362445
59.0,-25.0,20.0,5,764.29,8.5608211402422,10.581543034409865,292.73362746158756,11.793666946125418
59.0,-25.0,25.0,5,260.69,8.51639664620913,10.664092920834985,291.64249204594967,7.43390677060659
59.0,-24.0,5.0,7,2820.0,11.303759157554104,5.606787510308502,279.38828888277595,49.45453245074297
59.0,-23.0,15.0,6,2848.056666666667,9.998368232402095,6.0909556165961725,292.2909171880753,19.606663716652758
59.0,-23.0,20.0,6,789.45,9.90672615853203,6.3479467095301745,290.9392467034109,12.016025282951665
59.0,-23.0,25.0,6,306.0,9.801580414257256,6.5342581778070485,289.10550800714446,7.429899488744239
59.0,-22.0,15.0,6,3668.133333333333,10.147361138163953,5.878696653179864,290.9666272718763,19.32722175991113
59.0,-22.0,20.0,6,738.5,10.055824944558658,6.124792551576201,289.71492436483936,11.78249245084967
59.0,-22.0,25.0,6,217.27,9.95162947863396,6.356033159298841,287.76038780903235,7.2511289274163655
59.0,-21.0,0.0,7,310.0,11.930665453668745,4.116814711606629,279.5701045767402,82.10438405092346
59.0,-21.0,0.0,8,1840.0,12.702227422424308,1.7787941897989084,273.0135962909201,66.29462528253893
59.0,-21.0,5.0,7,410.0,11.855019580963509,4.603607818385429,278.83519824502383,50.14481132433314
59.0,-21.0,5.0,8,1410.0,12.669408407057183,1.8546572901873555,272.1246924656165,39.4171863692205
59.0,-21.0,15.0,7,250.0,11.71858494443293,4.418558886579653,279.02211117902647,19.34221452055618
59.0,-21.0,15.0,8,945.0,12.561461780860208,2.4206353751845375,267.6182112404179,14.548265868294155
59.0,-21.0,25.0,7,170.0,11.381895625639707,4.954418774142494,276.43746706396604,7.755169481696958
59.0,-21.0,25.0,8,785.0,12.38585878282383,3.528552648918274,266.8515139272036,5.630947655241246
59.0,-20.0,0.0,6,4291.67,10.554933882412092,5.887800259677145,287.6884269530368,91.49532015479404
59.0,-20.0,0.0,8,935.0,12.754297695111335,1.759541232634614,271.4245698442421,66.92957395376978
59.0,-20.0,5.0,7,670.0,11.961767243012991,4.279998642069952,278.677068844862,50.5670912789835
59.0,-20.0,5.0,8,860.0,12.717376086716452,1.8916682830872278,270.618896463551,39.685483549755105
59.0,-20.0,10.0,6,2510.83,10.467501397508633,5.38100816548144,288.69259761379567,32.97183295475726
59.0,-20.0,15.0,6,1790.83,10.372639439778919,5.6195795517342555,288.1029626712078,20.09879316573845
59.0,-20.0,15.0,7,400.0,11.803597675994753,4.349755731101178,279.16924116696214,19.522340005279403
59.0,-20.0,15.0,8,756.6666666666666,12.612267451966856,2.4090524017419623,267.121181476109,14.57753953696785
59.0,-20.0,20.0,6,1248.33,10.278451755885987,5.871450527231759,287.0611055716807,12.361536195777894
59.0,-20.0,25.0,7,360.0,11.448734173248678,4.8329392030242575,276.64326987797097,7.848818259948971
59.0,-20.0,25.0,8,476.6666666666667,12.440573006515686,3.46768971851171,266.2666868319373,5.61530826934628
59.0,-19.0,0.0,7,415.0,12.10079517096794,3.4566688386247453,278.9210513726384,83.423043257776
59.0,-19.0,0.0,8,1860.0,12.796506066756132,1.7615646170023858,269.90812773993264,66.90100773657545
59.0,-19.0,5.0,6,2313.56,10.614386614496205,5.126234953021882,288.0219693470906,54.634896541165546
59.0,-19.0,5.0,7,680.0,12.034587451148381,4.018513050735795,278.4232122470078,52.042467211810944
59.0,-19.0,5.0,8,1880.0,12.755755996773711,1.9159421056433827,269.2136299677771,40.81752000486055
59.0,-19.0,15.0,7,590.0,11.860728142251943,4.297000249687767,279.02435322709255,20.839253454684883
59.0,-19.0,15.0,8,1690.0,12.652923109290578,2.3739943445131826,266.66385325361284,15.82988781103627
59.0,-19.0,25.0,7,390.0,11.496290029292085,4.747347771450631,276.6733758042792,8.629944406448734
59.0,-19.0,25.0,8,1360.0,12.48318778384487,3.3864445324915824,265.6666523039795,6.412153719517364
59.0,-12.0,15.0,6,2205.58,10.864957040609818,5.1854882171532255,284.9642863187586,19.451620146704254
59.0,-6.0,0.0,7,2712.27,12.040087130866205,2.5473153009543847,278.59773682170726,87.36745812494618
59.0,-6.0,10.0,7,2798.41,11.842002562174539,2.3832466435052604,276.7302139655617,27.731995097603253
59.0,-6.0,15.0,7,1923.22,11.694836827633434,2.67090088769203,275.82366231507837,15.912995402192465
59.0,-6.0,20.0,7,732.66,11.551471587275426,2.9192193836035556,274.51409173957666,9.22196656751631
59.0,0.0,0.0,6,8162.601111111111,10.864560061159462,0.8217077830616735,291.9325655217009,100.1246538270075
59.0,0.0,0.0,7,3205.0816666666665,12.837764426752173,0.559670716747399,276.27005743818955,90.22780689940683
59.0,0.0,5.0,6,8471.606666666667,10.829306942572746,0.7428969745634664,297.9255005376548,62.493225832419874
59.0,0.0,5.0,7,2217.88,12.738096251895032,0.42083170389091085,282.388633267918,59.04841467396621
59.0,0.0,15.0,6,1725.9966666666667,10.364088609747096,0.8986427447741951,297.72317652445076,24.820360496613343
59.0,0.0,15.0,7,936.48,12.314409719837872,0.6032155585321664,285.655072487934,25.52649883388127
60.0,-32.0,5.0,7,5000.0,9.567284397910665,6.257149953364496,294.21848130723606,46.553232360851524
60.0,-29.0,0.0,7,4160.0,10.182378859948157,6.819254393701889,286.95028603641407,77.5279234772986
60.0,-22.0,15.0,6,3646.47,9.900721603763904,6.153476576972324,294.27258698818326,18.69667334720185
60.0,-22.0,20.0,6,1264.57,9.796056329651307,6.435637022752766,292.905713749713,11.302787738633526
60.0,-22.0,25.0,6,803.0,9.685406803203248,6.746660148832078,290.51369607223444,6.897944989142678
60.0,-21.0,5.0,7,3340.0,11.641037427347909,4.873863635792329,280.54152242799427,48.50678629891349
60.0,-19.0,15.0,6,2473.0924999999997,10.214629850315218,5.668409862281497,290.07503305467264,18.179931219877577
60.0,-19.0,20.0,6,1208.17,10.102977300615471,6.005547524158783,288.9848838401811,10.88031229217527
60.0,-19.0,25.0,6,591.33,9.988296609221694,6.371693774856512,286.9181913150794,6.5740129911992256
60.0,-7.0,5.0,6,1659.93,10.473002854645577,4.674763984581104,292.90925935209594,51.61304573336393
60.0,-1.0,0.0,6,4755.09,10.610000133514404,0.9910085201263426,291.92369079589844,94.01589088695648
60.0,-1.0,5.0,6,2596.895,10.605449676499118,0.8435100279748439,296.76368704438204,51.47748274276024
60.0,-1.0,15.0,6,527.28,10.261199953034518,0.9874297399073838,295.18475342355663,16.335277259121575
60.0,0.0,0.0,7,5548.23,12.698791628759164,0.6718106538092262,278.28623437804083,86.80417655228554
60.0,0.0,5.0,7,4841.67,12.631699691204927,0.6319421473847991,284.30218135898093,54.50160597273373
60.0,0.0,10.0,7,3625.0,12.511033044560177,0.7596538431041194,285.0304849572409,34.460398649892014
60.0,0.0,20.0,7,1011.46,11.839151331015504,0.9816087545139116,285.9375009766887,14.02649229372091
61.0,-26.0,0.0,8,3780.0,11.48878698693074,3.0640691175875587,282.2422420350558,63.52966556087942
61.0,-23.0,0.0,6,5627.915,9.794840405101457,6.582450070029007,298.67563869875124,90.48896409629671
61.0,-23.0,5.0,6,4035.835,9.715243572150287,5.86059821935227,301.9006157265908,52.249522922570684
61.0,-23.0,10.0,6,2846.67,9.641430030411755,6.1539299003294925,301.06392998660795,30.646717213948072
61.0,-23.0,15.0,6,1510.0,9.526560976787895,6.455220837330197,299.32714116257995,18.211081520170023
61.0,-23.0,20.0,6,727.5,9.414165673705327,6.760757680980071,297.80111082111665,10.942551010742477
61.0,-22.0,0.0,7,2780.0,11.440823799267962,4.261925286646478,282.84710314829624,79.93770549520065
61.0,-21.0,5.0,8,2700.0,12.115537928985011,2.5055143534898847,274.60907340394226,37.12127648098103
61.0,-16.0,0.0,6,5144.165,10.348421768211308,4.607435543889194,292.92926418584125,90.02707549596755
61.0,-16.0,5.0,6,3163.335,10.307793681850024,4.965063143797797,292.08466539418436,51.044892967201754
61.0,-16.0,10.0,6,1627.92,10.219217369687932,5.178866410530832,291.1883061478167,29.37776969470231
61.0,-16.0,15.0,6,1016.25,10.120753843917715,5.541733032299215,290.5812254368673,17.137077537428222
61.0,-16.0,20.0,6,442.91499999999996,10.000451283375908,5.956823554819421,289.5884633238886,10.120863129491179
62.0,-36.0,0.0,7,1260.0,8.661497979011425,6.362228180526541,305.43764897818795,76.27893607572199
62.0,-36.0,5.0,7,2410.0,8.56028157906251,5.792365256696819,301.95873937737537,48.13267505790062
62.0,-30.0,5.0,7,4270.0,9.773370420177262,7.241203685732023,294.9052348063043,47.19069176625411
62.0,-29.0,0.0,8,2350.0,10.746630990118245,4.415184138714536,284.528494087746,61.502443850034744
62.0,-25.0,10.0,8,3100.0,11.360360559773568,3.028455951363824,278.96005904259266,20.184141959642037
63.0,-36.0,0.0,7,2260.0,8.20984085455925,5.456244168433586,309.80467610762423,77.49720886456498
63.0,-36.0,5.0,7,2300.0,8.112489385542546,5.07364082504057,303.65130913491225,48.30377672203406
65.0,-11.0,20.0,6,3672.26,5.097128417697239,4.429639766127151,346.7829681418152,8.625990086284835
67.0,-17.0,15.0,6,1321.4,3.3581048270708775,3.5077108115194138,373.27969117254594,16.965138497155007
68.0,-11.0,15.0,6,1591.76,2.9074678655239383,4.376037378740437,361.87421690852943,20.31941033776739
69.0,-8.0,10.0,6,1056.96,3.7137684263806574,4.606101550275707,349.5235481303297,27.41153019614411
